smiles,price,class,reactivity
CC(O)C,0.72,alcohol,nu
CCCCCCCCCCCCCCCCCCO,0.31,alcohol,nu
OCC1=CC=CO1,0.5,alcohol,nu
CCO,0.22,alcohol,nu
CC(C)CCO,0.11,alcohol,nu
CCCCCCO,1.27,alcohol,nu
OCC1=CC=CC=C1,0.88,alcohol,nu
OCC1CCCO1,0.05,alcohol,nu
CCCCCCCCCCCCCCCCO,0.49,alcohol,nu
OCC1=CC=C(OC)C=C1,0.11,alcohol,nu
CCCCCCCO,0.08,alcohol,nu
CCCCCCCCCO,0.11,alcohol,nu
CCCCCCCCCCCO,0.19,alcohol,nu
C=CCO,0.61,alcohol,nu
CCCCO,0.07,alcohol,nu
CCCCCCCCCCCCO,0.07,alcohol,nu
CCCCCO,0.06,alcohol,nu
COC1=CC(CO)=CC=C1,1.87,alcohol,nu
CC(C)CO,0.05,alcohol,nu
OCCC1=CC=CC=C1,0.08,alcohol,nu
COC1=CC=C(C=C1OC)CO,2.38,alcohol,nu
COC1=CC=C(C=C1)CO,8.24,alcohol,nu
C[C@@]12CC[C@@H](C2)C(C)(C)[C@]1([H])O,0.15,alcohol,nu
CCCCCCCCCCCCCCCCCCCCCCCCO,1870,alcohol,nu
OCC1=CC2=C(C=C1)OCO2,1.84,alcohol,nu
C#CCO,0.37,alcohol,nu
CC(O)C1=CC=CC=C1,0.11,alcohol,nu
NC1=CC=C(C=C1)CO,36.2,alcohol,nu
CCCCCO,0.14,alcohol,nu
ClC1=CC=C(C=C1)CO,4.44,alcohol,nu
COC1=CC=CC=C1CO,5.04,alcohol,nu
CCCCCCCC/C=C\CCCCCCCCO,226,alcohol,nu
CC1=CC=C(C=C1)CO,9.48,alcohol,nu
ClC1=CC=C(C=C1Cl)CO,6,alcohol,nu
O=[N+](C1=CC=C(C=C1)CO)[O-],2.41,alcohol,nu
CCCCCCCC/C=C/CCCCCCCCO,490,alcohol,nu
NC1=CC=CC=C1CCO,10.24,alcohol,nu
C=C(Br)CO,58.7,alcohol,nu
BrC1=CC=CC=C1CO,5.66,alcohol,nu
BrC1=CC=CC=C1CCO,6.06,alcohol,nu
C#CC1=CC=CC=C1CO,56,alcohol,nu
FC1=CC=CC=C1CO,3.29,alcohol,nu
IC1=CC=CC=C1CO,8.13,alcohol,nu
CC1=CC=CC=C1CO,6.2,alcohol,nu
O=[N+](C1=CC=CC=C1CCO)[O-],9.76,alcohol,nu
ClC1=C(C(Cl)=CC(Cl)=C1)CO,61.4,alcohol,nu
ClC1=CC=C(Cl)C(CO)=C1,16.2,alcohol,nu
ClC1=C(C(Cl)=CC=C1)CO,102.8,alcohol,nu
FC1=CC(CO)=CC=C1,15.94,alcohol,nu
CC1=CC(CCO)=CC=C1,48.3,alcohol,nu
O=[N+](C1=CC(CCO)=CC=C1)[O-],168,alcohol,nu
COC1=C(OC)C(OC)=CC(CO)=C1,7.08,alcohol,nu
O=[N+](C1=CC([N+]([O-])=O)=CC(CO)=C1)[O-],21,alcohol,nu
ClC1=CC=C(C=C1)CCO,8.64,alcohol,nu
FC1=CC=C(C=C1)CO,11.54,alcohol,nu
C[Si](C#CCO)(C)C,12.6,alcohol,nu
FC(C(O)C1=CC=CC=C1)(F)F,20.8,alcohol,nu
O=[N+](C1=CC(OC)=C(OC)C=C1CO)[O-],33.8,alcohol,nu
C#CC1=CC=C(C=C1)CO,85.6,alcohol,nu
BrC1=CC=C(C=C1)CO,5.86,alcohol,nu
CCCCC/C=C\C/C=C\C/C=C\CCCCCO,4280,alcohol,nu
O=[N+](C1=CC(CO)=CC=C1)[O-],2.33,alcohol,nu
O=[N+](C1=CC=CC=C1CO)[O-],3.58,alcohol,nu
C=CC(O)C1=CC=CC=C1,51.55,alcohol,nu
CC(C)CC(O)CC1=CC=CC=C1,2.76,alcohol,nu
CC(C1=CC=C(C=C1)CCO)(C)C,324.4,alcohol,nu
CN(C1=CC(CO)=CC=C1)C,76.8,alcohol,nu
FC(C1=CC(CCO)=CC=C1)(F)F,74.6,alcohol,nu
CC(C1=CC=C(C=C1)CO)(C)C,5.556,alcohol,nu
CC(O)C1=CC=C(F)C=C1,6.1,alcohol,nu
OCC1=CC=CC(OC2=CC=CC=C2)=C1,3.57,alcohol,nu
CNCCC(O)C1=CC=CC=C1,32,alcohol,nu
NC1=CC=CC=C1CO,3.66,alcohol,nu
NC1=CC(CO)=CC=C1,8.74,alcohol,nu
IC1=CC(CO)=CC=C1,7.28,alcohol,nu
BrC1=CC(CCO)=CC=C1,102.8,alcohol,nu
ClC1=CC(Cl)=CC(CO)=C1,7.08,alcohol,nu
COC1=CC(CCO)=CC=C1,32.3,alcohol,nu
BrC1=CC=C(C=C1)CCO,35.4,alcohol,nu
COC1=CC=C(C=C1)CCO,6.87,alcohol,nu
COC1=CC=C(C(OC)=C1)CO,5.56,alcohol,nu
NC1=CC=C(C=C1)CCO,18.72,alcohol,nu
FC1=CC=C(C=C1)CCO,14.2,alcohol,nu
O=[N+](C1=CC=C(C=C1)CCO)[O-],15,alcohol,nu
ClC1=CC=C(C(Cl)=C1)CO,3.76,alcohol,nu
CC1=C(N)C(CO)=CC=C1,33.6,alcohol,nu
IC1=CC=C(Br)C(CO)=C1,13.38,alcohol,nu
FC1=C(Br)C=CC=C1CO,1622,alcohol,nu
COC1=CC=C(C=C1Cl)CO,54.2,alcohol,nu
COC1=CC=C(C=C1I)CO,22,alcohol,nu
O=[N+](C1=C(C)C=CC=C1CO)[O-],23,alcohol,nu
COC1=CC(Br)=CC=C1CO,9.46,alcohol,nu
FC1=C(C(F)=CC(Br)=C1)CO,15.24,alcohol,nu
O=[N+](C1=CC(Cl)=CC=C1CO)[O-],27.6,alcohol,nu
FC1=CC(CO)=CC=C1Cl,324.4,alcohol,nu
COC1=CC(CO)=CC=C1F,740,alcohol,nu
O=[N+](C1=CC(CO)=CC=C1C)[O-],14.2,alcohol,nu
O=[N+](C1=CC=C(Cl)C=C1CO)[O-],32,alcohol,nu
CC1=CC=C(F)C=C1CO,324.4,alcohol,nu
CC([C@@H](CC1)CC=C1CO)=C,10.5,alcohol,nu
FC(F)(F)C(F)(F)C(F)(F)C(F)(F)C(F)(F)C(F)(F)CCC1=CC=C(C=C1)CO,159,alcohol,nu
O=C(OC1=CC=C(C=C1)CO)C,125,alcohol,nu
C[Si](C#CC1=CC=C(C=C1)CO)(C)C,47.4,alcohol,nu
ClCC1=CC=C(C=C1)CO,82.1,alcohol,nu
COC1=CC=C(OC)C(CO)=C1,11.6,alcohol,nu
CC(C)(O)C1=CC=C(C)C=C1,0.98,alcohol,nu
BrCC1=CC=CC=C1CO,182,alcohol,nu
FC([C@@H](O)C1=CC=CC=C1)(F)F,725,alcohol,nu
FC1=CC=C(C(Br)=C1)CO,407,alcohol,nu
ClC1=CC=C(Br)C(CO)=C1,407,alcohol,nu
CC1=C(Cl)C=CC=C1CO,2.03,alcohol,nu
FC1=CC=C(C=C1Cl)CCO,1.63,alcohol,nu
O=[N+](C1=CC=C(F)C=C1CO)[O-],770,alcohol,nu
CC(O)C1=CC=C(OC)C=C1,15.36,alcohol,nu
C[C@H](O)C1=CC=C(Cl)C=C1,136,alcohol,nu
C[C@@H](O)C1=CC=C(Br)C=C1,169,alcohol,nu
C[C@H](O)C1=CC=C(Br)C=C1,188,alcohol,nu
CCCCCCCCCCCCCCCCCCO,8.74,alcohol,nu
CO,0.07,alcohol,nu
CCCCCCCCCCO,0.07,alcohol,nu
CCCCCCO,0.04,alcohol,nu
CCCCCCCCCCCCCCCCCCCCCCO,0.95,alcohol,nu
CCCCCCCCCCCCCCCCCCCCO,0.98,alcohol,nu
CCCCCCCCCCCCCCCCCO,21.4,alcohol,nu
CCCCCCCCCCCCCCCO,21.4,alcohol,nu
CCCCCCCCCCCCCO,10.3,alcohol,nu
ClC(Cl)(Cl)CO,0.6,alcohol,nu
CCCO,0.14,alcohol,nu
CCCCCCCCCCCCCCO,0.33,alcohol,nu
CCCCCCCCCO,0.34,alcohol,nu
OCCCC1=CC=CC=C1,0.13,alcohol,nu
CCCCCCCCCCCCO,0.4,alcohol,nu
CCCCCCCCCCCCCCCCCCCCCO,540,alcohol,nu
CCCCCCCCO,0.09,alcohol,nu
CCCCCCCO,0.46,alcohol,nu
BrC(Br)(Br)CO,6.54,alcohol,nu
FC(F)(F)CO,1.66,alcohol,nu
CCCCCO,0.24,alcohol,nu
OC(C1=CC=CC=C1)(C2=CC=CC=C2)C3=CC=CC=C3,1.3,alcohol,nu
CCCCC(CC)CO,0.17,alcohol,nu
CCCCCCCCCCCO,0.85,alcohol,nu
CCCCCCCCCCCCCCCCCCCCCCCCCCCCCCO,2.41,alcohol,nu
CCCCCCCCCCCCCCCCCCCO,248,alcohol,nu
CCCCCCCCCCCCCCCCO,6,alcohol,nu
CC(CC(C)(O)C)=O,0.52,alcohol,nu
CC(O)CC,0.04,alcohol,nu
CC(O)(C)CC,13.42,alcohol,nu
CC(O)(C)C(C)C,20,alcohol,nu
OCCC1=CC=CC=C1,4.06,alcohol,nu
N#CC1=CC=CC(CO)=C1,32.3,alcohol,nu
N#CC1=CC=C(CO)C=C1,52.5,alcohol,nu
C=CCCCO,32.3,alcohol,nu
CC/C=C\CCO,1.58,alcohol,nu
OC1CCCC1,5.7,alcohol,nu
OC(C1=CC=CC=C1)C2=CC=CC=C2,5.5,alcohol,nu
CC(C)CO,0.15,alcohol,nu
OCCCN,0.39,alcohol,nu
CC(O)C1=CC=CC=C1,1.91,alcohol,nu
C/C=C/C=C/CO,9.01,alcohol,nu
C[C@H](O)CC,99.3,alcohol,nu
CC(C)(C)CO,4.81,alcohol,nu
CC[C@@H](C1=CC=CC=C1)O,296,alcohol,nu
COC1=CC(C[C@](C)(O)[C@@H](C)C2)=C(C3=C2C=C(OC)C(OC)=C3OC)C(OC)=C1OC,6460,alcohol,nu
CCC(CC)CO,0.44,alcohol,nu
C[C@@H](O)C1=CC=CC=C1,28.6,alcohol,nu
CCCCCCCC/C=C\CCCCCCCCO,0.34,alcohol,nu
COC1=CC=C(CCO)C=C1OC,10.1,alcohol,nu
OC(C1=CC=CC=C1)C#CC2=CC=CC=C2,33.7,alcohol,nu
C=C(Cl)CO,21.4,alcohol,nu
CCC(O)CC,1.32,alcohol,nu
CC1(C)[C@]2(C)CC[C@H]1CC2O,1.96,alcohol,nu
C#C[C@H](C1=CC=CC=C1)O,233,alcohol,nu
C=C(C)CO,18.72,alcohol,nu
CC(O)C(C)(C)C,3.85,alcohol,nu
CC(O)(C1=CC=CC=C1)C,8.16,alcohol,nu
CC(O)CCCCCC,0.29,alcohol,nu
CC(O)(C)CCl,2.72,alcohol,nu
OC(C(F)(F)F)(C1=CC=CC=C1)C(F)(F)F,17.4,alcohol,nu
C/C(C)=C\CO,0.1,alcohol,nu
C=C(C)CCO,0.85,alcohol,nu
C[C@@H](O)C1=CC=CC=C1,44.8,alcohol,nu
OCC1=CC=C(C2=CC=CC=C2)C=C1,4.91,alcohol,nu
N#CC1=CC=C(CO)C(F)=C1,134,alcohol,nu
OCC1CCCCC1,7.12,alcohol,nu
CC(O)CC1=CC=CC=C1,13.68,alcohol,nu
OCC1CC=CCC1,10.28,alcohol,nu
CC(C)(O)C,0.15,alcohol,nu
OC(C(F)(F)F)C(F)(F)F,5.36,alcohol,nu
CC(O)CCC,0.53,alcohol,nu
C#CCO,0.29,alcohol,nu
OCC1=CC=CS1,2.38,alcohol,nu
NCC(O)C1=CC=CC=C1,12.9,alcohol,nu
CC(C1=CC=CC=C1)CO,6.6,alcohol,nu
CCC(C)CO,0.07,alcohol,nu
CC[C@H](C)CO,15.6,alcohol,nu
CC(C)(C)CC(C)CCO,1.46,alcohol,nu
NCCO,1.27,alcohol,nu
C=CCCCCCCCCCO,2.38,alcohol,nu
CCCCCCCCCCCCC(CCCCCCCCCC)CO,1.27,alcohol,nu
CC/C=C\CC/C=C/CO,3.9,alcohol,nu
CCCCCCCCC(CCCCCC)CO,2.01,alcohol,nu
CC(O)(C)CC1=CC=CC=C1,0.56,alcohol,nu
CC(O)(C)C=C,0.37,alcohol,nu
OCC1=CC=C(F)C(Cl)=C1F,548,alcohol,nu
CCCCCCC(CCCC)CO,1.09,alcohol,nu
CC(OC)CCO,0.09,alcohol,nu
OCC1=CC=C(N/C(CC(C)C)=C2C(CC(C)(C)CC/2=O)=O)C=C1,64.3,alcohol,nu
CC(C)CCCO,22.2,alcohol,nu
O[C@H](C1=CC=CC=C1)[C@H](NC)C,8.88,alcohol,nu
C#CCCCCO,54.7,alcohol,nu
OCCC[Si](C)(C)C,14.96,alcohol,nu
O[C@H](C1=CC=CC=C1)[C@H](C)NC,17.52,alcohol,nu
O[C@H](C1=CC=CC=C1)[C@H](N)C,16.1,alcohol,nu
CC(/C=C/C=C(/C=C/C1=C(CCCC(C)1C)C)C)=C\CO,430,alcohol,nu
OCC(F)(F)C(F)(F)C(F)(F)C(F)F,0.66,alcohol,nu
C[C@@H](O)C#C,190,alcohol,nu
OC1C=CCCC1,90.1,alcohol,nu
CC(O)C#C,6.85,alcohol,nu
CCC(N)CO,0.35,alcohol,nu
CC(C)(OC)CCO,0.14,alcohol,nu
C#CCCCO,31.6,alcohol,nu
OC(C(F)(F)F)(C)C(F)(F)F,22,alcohol,nu
C[C@H]1[C@](C)(O)CC2=C(C(OC)=C(OC)C(OC)=C2)C3=C(C=C(OCO4)C4=C3OC)C1,6.12,alcohol,nu
C[C@]1(CO)[C@@H]2C=C[C@@H](C2)C1,23.6,alcohol,nu
OC1CCC1,141,alcohol,nu
C/C(C)=C\CCC(C)(O)C=C,0.08,alcohol,nu
C=CC(O)C=C,29.8,alcohol,nu
O[C@H]1[C@H](C(C)C)CC[C@H](C1)C,0.72,alcohol,nu
OCCCCl,1.85,alcohol,nu
C=CCCO,6.32,alcohol,nu
OCCCCCCCCCCCBr,7.26,alcohol,nu
SCCO,5.14,alcohol,nu
ClCCO,0.47,alcohol,nu
CCN(CCO)CC,0.49,alcohol,nu
CC(O)CC(C)C,0.34,alcohol,nu
OCC(F)(F)C(F)(F)C(F)(F)F,9.32,alcohol,nu
C/C(CC/C=C(C)\C)=C\CO,0.09,alcohol,nu
CC(CO)=O,3.4,alcohol,nu
OCCCBr,10.28,alcohol,nu
BrCCO,8.36,alcohol,nu
OCC1CO1,8.9,alcohol,nu
OCCCCCCN,25.8,alcohol,nu
OCCOC1=CC=CC=C1,0.12,alcohol,nu
OC(C)(C)CCC1=CC=CC=C1,6.35,alcohol,nu
C1=CNN=C1,5.3,azole,nu
CC1=CNN=C1C,292,azole,nu
C1(C2=CC=CC=C2)=NNC=C1,8.08,azole,nu
O=CC1=NNC=C1,18.34,azole,nu
COC(C=C1)=CC=C1C2=NNC=C2,120,azole,nu
CCC1=CNN=C1,691,azole,nu
ClC1=CNN=C1,811,azole,nu
NC1=CC(CC)=NN1,1200,azole,nu
C1(C2CC2)=NNC=C1,266.6,azole,nu
CC1=C(C)C(C)=NN1,351,azole,nu
CC1=NNC=C1,11.92,azole,nu
C#CC1=NNC=C1,5640,azole,nu
CC(C)CC(C=C1)=CC=C1C2=NNC=C2,364,azole,nu
O=C(C1=NNC=C1)OC,5.54,azole,nu
ClS(C1=NNC=C1)(=O)=O,448,azole,nu
CC(C=C1)=CC=C1C2=NNC=C2,81.1,azole,nu
CC1=CNN=C1C2=CC=CC=C2,575,azole,nu
CC1=C(I)C(C)=NN1,25.4,azole,nu
O=C(NN)C1=NNC(C2=CC=CC=C2)=C1,188,azole,nu
CC1=CC(N)=NN1,324.4,azole,nu
NC1=NNC(CC)=C1CC,125.18,azole,nu
NC1=NNC(C2=CC=C(OCC)C=C2)=C1,185,azole,nu
NC1=NNC(C2=CC(C)=CC=C2)=C1,203,azole,nu
NC1=NNC=C1C2=CC=C(Br)C=C2,22.6,azole,nu
NC1=C(C2=CC=C(C)C=C2)C=NN1,185,azole,nu
BrC1=NNC=C1,182,azole,nu
O=CC1=CC=C(S1)C2=NNC=C2,284,azole,nu
O=C(C1=C2C3=NNC2=CC=C1)C4=C3C=CC=C4,25.3,azole,nu
CC1=NNC(C)=C1,11.78,azole,nu
NC1=CNN=C1,122,azole,nu
CC1=CNN=C1,120,azole,nu
BrC1=CNN=C1,25.3,azole,nu
NC1=CC=NN1,49.6,azole,nu
O=[N+](C1=CNN=C1)[O-],9.38,azole,nu
FC(C1=CNN=C1)(F)F,34.94,azole,nu
O=C(C1=CNN=C1)OCC,1.45,azole,nu
O=C(C1=NNC=C1)OCC,138.94,azole,nu
C1(C=CN=C2)=C2NN=C1,284,azole,nu
C1(N=CC=C2)=C2NN=C1,364,azole,nu
C1(C=NC=C2)=C2NN=C1,924,azole,nu
BrC1=NNC2=C1C=CN=C2,448,azole,nu
ClC(C=C1)=NC2=C1NN=C2,884,azole,nu
C1(C=CC=N2)=C2NN=C1,90.62,azole,nu
IC1=CNN=C1,8.6,azole,nu
BrC1=NNC2=C1C=NC=C2,884,azole,nu
BrC1=NNC2=C1C=CC=N2,529,azole,nu
CC1=NNC2=C1C=CN=C2,272.3,azole,nu
NC1=NNC2=C1N=CC=C2,884,azole,nu
BrC1=CN=CC2=C1NN=C2,1560,azole,nu
NC1=NNC2=C1C=CN=C2,1560,azole,nu
BrC1=NNC2=C1N=CC=C2,884,azole,nu
CSC1=NC2=C(C=N1)C=NN2,203,azole,nu
BrC1=CC2=C(N=C1)C=NN2,1560,azole,nu
BrC1=CC2=C(C=N1)C=NN2,1310,azole,nu
BrC1=NNC2=C1C=C(Br)N=C2,2330,azole,nu
BrC1=CN=CC2=C1C=NN2,1560,azole,nu
COC(N=C1)=CC2=C1NN=C2,1560,azole,nu
BrC1=CC2=C(N=C1)C(Br)=NN2,2330,azole,nu
ClC1=NNC2=C1C=CN=C2,552,azole,nu
BrC(C=C1)=NC2=C1NN=C2,1560,azole,nu
BrC1=CN=CC2=C1NN=C2Br,2330,azole,nu
BrC1=NNC2=C1C(Br)=NC=C2,2330,azole,nu
BrC1=NNC2=C1C=C(Br)C=N2,2330,azole,nu
IC1=NNC2=C1C=NC=C2Br,2330,azole,nu
BrC1=NNC2=C1C=C(OC)N=C2,1560,azole,nu
BrC1=NNC2=C1C=CN=C2OC,1560,azole,nu
IC1=NNC2=C1C=C(Br)N=C2,2330,azole,nu
BrC1=NNC2=C1C=C(Cl)N=C2,1560,azole,nu
ClC(C=N1)=CC2=C1NN=C2I,1890,azole,nu
BrC(C=C1)=NC2=C1NN=C2I,2330,azole,nu
ClC(C=C1)=NC2=C1NN=C2Br,1560,azole,nu
ClC(C=N1)=CC2=C1NN=C2Br,564,azole,nu
BrC1=NNC2=C1C(N)=NC=N2,804,azole,nu
O=C(C(C=N1)=CC2=C1NN=C2)OC,1040,azole,nu
N#CC(C=N1)=CC2=C1NN=C2,884,azole,nu
ClC1=NNC2=C1C=CC=N2,1560,azole,nu
IC(C=N1)=CC2=C1NN=C2,963,azole,nu
BrC(C=N1)=CC2=C1NN=C2,925,azole,nu
IC1=NNC2=C1N=CC(Br)=C2,2330,azole,nu
BrC1=NNC2=C1C=NC(Cl)=C2,1560,azole,nu
CC(N=C1)=CC2=C1NN=C2,1520,azole,nu
IC1=NNC2=C1C=C(Cl)N=C2,1560,azole,nu
BrC1=NNC2=C1C=C(Cl)N=C2,1560,azole,nu
BrC(C=N1)=CC2=C1NN=C2I,925,azole,nu
BrC1=NNC2=C1C=C(I)N=C2,963,azole,nu
IC1=NNC2=C1C(Br)=NC=C2,2330,azole,nu
BrC(C=N1)=CC2=C1NN=C2N,529,azole,nu
IC1=NNC2=C1C=CN=C2Cl,1560,azole,nu
BrC1=NNC2=C1C(Br)=CN=C2,2330,azole,nu
ClC1=NC=CC2=C1C=NN2,1250,azole,nu
ClC1=CC2=C(C=N1)C=NN2,884,azole,nu
ClC1=CN=CC2=C1NN=C2,2330,azole,nu
CC1=CN=CC2=C1NN=C2,1560,azole,nu
ClC1=NC=CC2=C1C(Br)=NN2,1560,azole,nu
IC1=NNC2=C1C(Br)=CN=C2,1310,azole,nu
ClC1=CC2=C(C=N1)C(I)=NN2,1560,azole,nu
IC1=NNC2=C1C=NC=C2Cl,1560,azole,nu
CC(OC(N(CC1)CC2=C1NN=C2C(OCC)=O)=O)(C)C,448,azole,nu
NC1=NNC2=C1C=CC=N2,174.4,azole,nu
C1=CNC=N1,0.98,azole,nu
CC1=NC=CN1,0.6,azole,nu
ClC1=NC=CN1,209,azole,nu
FC(C=C1)=CC=C1C2=CNC=N2,18.38,azole,nu
BrC(C=C1)=CC=C1C2=CNC=N2,18.68,azole,nu
BrC1=NC=CN1,195,azole,nu
O=S(C1=CNC=N1)(Cl)=O,117,azole,nu
CC(C)(C)C1=CNC=N1,364,azole,nu
CC1=CNC(C=O)=N1,628,azole,nu
O=CC1=CN=C(CCCC)N1,811,azole,nu
CC1=NC=C(I)N1,203,azole,nu
BrC1=CN=C(CCCC)N1,448,azole,nu
ClC1=C(C=O)N=C(C2=CC=CC=C2)N1,811,azole,nu
FC(C1=C(C(OCC)=O)NC=N1)(F)F,120.6,azole,nu
FC(C=C1)=CC=C1C2=NC=C(N)N2,564,azole,nu
NC1=CN=C(C2=CC=C(OC)C=C2)N1,351,azole,nu
CC(C=C1)=CC=C1C2=NC=C(N)N2,147,azole,nu
IC1=NC=CN1,198,azole,nu
C1(C2=CC=CC=C2)=NC=CN1,2.27,azole,nu
ClC1=C(Cl)N=CN1,12.72,azole,nu
N#CC1=C(C#N)N=CN1,14.52,azole,nu
BrC1=CC2=C(C=C1)N=CN2,33.3,azole,nu
BrC1=NC(C=CC=C2)=C2N1,61.9,azole,nu
O=CC1=NC=CN1,88.6,azole,nu
SC1=NC(C2=CC=CC=C2)=CN1,17.44,azole,nu
CC1=CNC=N1,1.35,azole,nu
CC1=NC(C=CC=C2)=C2N1,10.06,azole,nu
NC1=C(C#N)N=CN1,57.7,azole,nu
CC1=NC=C([N+]([O-])=O)N1,1.5,azole,nu
CC1=C(C=O)NC=N1,19.16,azole,nu
NC1=C(C(N)=O)N=CN1,7.48,azole,nu
NC1=NC(C=CC=C2Cl)=C2N1,85.8,azole,nu
O=[N+](C1=NC=CN1)[O-],623,azole,nu
O=CC1=CNC=N1,41.3,azole,nu
CC1=NC(I)=C(I)N1,120,azole,nu
CN(C)C1=NC2=C(N1)C(Br)=C(Br)C(Br)=C2Br,11680,azole,nu
BrC(C=N1)=CC2=C1NC=N2,288,azole,nu
C1(CCNC2C3=CC=NC=C3)=C2NC=N1,97.3,azole,nu
C1(C=CC=C2)=C2NC=N1,0.58,azole,nu
C1(C=NC=N2)=C2NC=N1,200,azole,nu
C1(N=CC=C2)=C2NC=N1,86.6,azole,nu
ClCC1=NC(C=CC=C2)=C2N1,13.46,azole,nu
BrC1=CC2=C(C=C1)N=CN2,333,azole,nu
FC1=CC2=C(C=C1)N=CN2,1850,azole,nu
C1(C=CC=C2)=C2NC(C3=NC=CC=C3)=N1,17.16,azole,nu
NC(C1=CC(C2=NC(C=CC=C3)=C3N2)=CC=C1)=S,594,azole,nu
NC1=CC=CC=C1C2=NC(C=CC=C3)=C3N2,15.14,azole,nu
N#CC1=CC(C2=NC(C=CC=C3)=C3N2)=CC=C1,351,azole,nu
N#CC(C=C1)=CC=C1C2=NC(C=CC=C3)=C3N2,351,azole,nu
SC1=NC(C=C(OC(F)C)C=C2)=C2N1,27.4,azole,nu
NC1=NC(C=CC=C2Cl)=C2N1,85.8,azole,nu
C1(C=CC=C2)=C2NC(CC3CNCCC3)=N1,120,azole,nu
O=C(C1=CC=CC=C1)C(C=C2)=CC3=C2NC(C4=CC=C(C#N)C=C4)=N3,448,azole,nu
CC(C(C)(C)O1)(C)OB1C(C=C2)=CC3=C2NC=N3,196,azole,nu
BrC(C=C1)=CC2=C1NC(C)=N2,185,azole,nu
C1(C=CC=C2)=C2NC(C3CCNCC3)=N1,203,azole,nu
C1(C=CC=C2)=C2NC(C3CNCCC3)=N1,284,azole,nu
BrC1=NC(C=CC=C2)=C2N1,61.9,azole,nu
NC(C(C=C1)=CC=C1C2=NC(C=CC=C3)=C3N2)=S,594,azole,nu
NC(N=CC=C1)=C1C2=NC(C=C(C#N)C=C3)=C3N2,1040,azole,nu
CC(C(C)(C)O1)(C)OB1C(C=C2)=CC3=C2NC(C)=N3,216,azole,nu
BrC(C=C1)=CC2=C1NC(C(F)(F)F)=N2,1200,azole,nu
ClC1=CC=C(OC)C2=C1NC=N2,3244,azole,nu
ClC1=NC(C=C([N+]([O-])=O)C=C2)=C2N1,203,azole,nu
C1(C=C(OCCO2)C2=C3)=C3NC=N1,284,azole,nu
NC(C=C1)=CC2=C1NC(CC3=CC=CC=C3)=N2,2400,azole,nu
CC(C=C1)=CC2=C1NC(N)=N2,811,azole,nu
CC(C=C1)=CC2=C1NC(CN)=N2,1622,azole,nu
C1(C=CC=C2)=C2NC(C3=CSC=N3)=N1,2.42,azole,nu
SC1=NC(C=CC=C2)=C2N1,5,azole,nu
NC1=NON=C1C2=NC(C=CC=C3)=C3N2,1850,azole,nu
CC(C(C)=C1)=CC2=C1NC(CN)=N2,147,azole,nu
CC(C(C)=C1)=CC2=C1NC(CNC)=N2,81.1,azole,nu
O=S(CC1=NC=C(C(OC)=C1C)C)C2=NC3=C(N2)C=CC(OC)=C3,1014,azole,nu
CC1=NC(C=CC=C2)=C2N1,10.06,azole,nu
O=C(OC)NC1=NC(C=CC=C2)=C2N1,0.75,azole,nu
O=C(OC)NC1=NC2=CC(OCCC)=CC=C2N1,2830,azole,nu
CCCS(C1=CC=C2NC(NC(OC)=O)=NC2=C1)(=O)=O,5400,azole,nu
NCCC1=NC(C=CC=C2)=C2N1,588,azole,nu
O=S(CC1=NC(C=CC=C2)=C2N1)(C3=CC=CC=C3)=O,811,azole,nu
O=CC1=CC=C(O1)SC2=NC(C=CC=C3)=C3N2,2400,azole,nu
NC1=CC=C2C(N=CN2)=C1,389.2,azole,nu
N1=CNC=N1,0.049,azole,nu
C1=CNN=N1,76.6,azole,nu
NC1=NN=CN1,0.48,azole,nu
SC1=NN=CN1,12.1,azole,nu
NC1=NN=C(N)N1,5.72,azole,nu
BrC1=NN=C(Br)N1,324.4,azole,nu
O=C(C1=NN=CN1)OC,1.35,azole,nu
C1(C2=CC=CC=C2)=CNN=N1,16220,azole,nu
CC1=NN=CN1,1622,azole,nu
CSC1=NN=C(N)N1,4.48,azole,nu
SC1=NN=C(C2CC2)N1,1200,azole,nu
ClC1=NN=C(C(F)(F)F)N1,284,azole,nu
BrC1=NN=C(OC)N1,564,azole,nu
BrC1=NN=C(Cl)N1,564,azole,nu
O=C(C1=NC(Br)=NN1)NC,448,azole,nu
CC1(OB(C2=CC=C(NN=N3)C3=C2)OC1(C)C)C,916,azole,nu
NC1=NNC(C2CC2)=N1,811,azole,nu
COCC1=NNC(Br)=N1,284,azole,nu
SC1=NNC(C2=CC=NC=C2)=N1,38.7,azole,nu
SC1=NN=C(C2=CC=C(OC)C=C2)N1,81.1,azole,nu
N#CC1=NC=CC(C2=NNC(C3=CC=NC=C3)=N2)=C1,5400,azole,nu
BrC(C=C(Cl)C=C1)=C1CNC2=CC=CC(C3=NN=CN3)=C2,11520,azole,nu
C1(C=CC=N2)=C2NN=N1,31.6,azole,nu
C1(C=CC=C2)=C2NN=N1,0.99,azole,nu
CC(C=C1)=CC2=C1NN=N2,3.92,azole,nu
BrC(C=C1)=CC2=C1NN=N2,1.2,azole,nu
NC(C=C1)=CC2=C1NN=N2,0.97,azole,nu
N#CC1=CC=C(NC(NC2=CC=CC=C2Br)=O)C3=C1N=NN3,24800,azole,nu
FC(C1=NN=CN1)(F)F,119.2,azole,nu
CCSC1=NN=NN1,51,azole,nu
C1(SCC2=CC=CC=C2)=NN=NN1,38.6,azole,nu
C1([C@@H]2CCCN2)=NN=NN1,512,azole,nu
O=C(CC1=NN=NN1)OCC,20.4,azole,nu
CC(C(C)(C)O1)(C)OB1C(C=C2)=CC=C2C3=NN=NN3,216,azole,nu
OB(O)C1=CC=CC=C1C2=NN=NN2,246,azole,nu
NC1=CC=CC=C1C2=NN=NN2,16220,azole,nu
OB(O)C1=CC(C2=NN=NN2)=CC=C1,216,azole,nu
NC(C=C1)=CC=C1OC2=NN=NN2,364,azole,nu
O=CC1=CC(C2=NN=NN2)=CC=C1,962,azole,nu
C1(C2=CC=CC=C2NC3=CC=CC4=C3CCCC4)=NN=NN1,19600,azole,nu
O=C(NC1=C(C2=NNN=N2)C=C(Br)C=C1Br)NC3=CC(C(F)(F)F)=CC(C(F)(F)F)=C3,21200,azole,nu
O=C1N(C(CCCC)=NC12CCCC2)CC3=CC=C(C4=C(C5=NN=NN5)C=CC=C4)C=C3,7080,azole,nu
CC1=NN=NN1,39.78,azole,nu
OC(C(C)=O)=O,1.93,acid,nu
OC(C(CCCCC)C)=O,0.1,acid,nu
OC(C(F)(F)C(F)(F)F)=O,6.07,acid,nu
OC(C(CCC)C)=O,0.3,acid,nu
OC(CS)=O,1.25,acid,nu
OC(C(F)(C(F)(C(F)(C(F)(C(F)(C(F)(C(F)(C(F)(F)F)F)F)F)F)F)F)F)=O,10.12,acid,nu
OC(C#CC1=CC=CC=C1)=O,8.9,acid,nu
OC(C(F)(C(F)(C(F)(C(F)(C(F)(C(F)(F)F)F)F)F)F)F)=O,15.4,acid,nu
OC(CC1CCCCC1)=O,10.06,acid,nu
OC(C1CCCCC1)=O,6.98,acid,nu
OC(CCCCCCCCCCCCCCCCCCCCCCCCCCCCC)=O,1.09,acid,nu
OC(C(C1=CC=CC=C1)=O)=O,7.7,acid,nu
OC(C(C)S)=O,0.168,acid,nu
OC(CCCCCC)=O,0.45,acid,nu
OC(C1CCCC1)=O,6.76,acid,nu
OC(CCCCCCCCCCCCCCCCCCCCC)=O,36,acid,nu
OC(C#C)=O,15.86,acid,nu
OC(C(C1=CC=CC=C1)(C2=CC=CC=C2)C3=CC=CC=C3)=O,74.7,acid,nu
OC(CCCCCCCC)=O,1.76,acid,nu
OC(C(F)(C(F)(C(F)(C(F)(C(F)(C(F)(C(F)(C(F)(C(F)(C(F)(F)F)F)F)F)F)F)F)F)F)F)=O,19.12,acid,nu
OC(C1=CN=CC=N1)=O,1.82,acid,nu
OC(CCCCCCCCCCCCCCCCCCCCCCCCCCC)=O,520,acid,nu
OC(CCCCCCCCCC)=O,1.55,acid,nu
OC(CCCCCCCCCCCCCCCCCCCCCCCCC)=O,143,acid,nu
OC(C(F)(C(F)(C(F)(C(F)(C(F)(F)F)F)F)F)F)=O,35,acid,nu
OC(COC1=CC=CC=C1)=O,0.15,acid,nu
OC(CCCC1CCCCC1)=O,5.88,acid,nu
OC(CCCCC1CCCCC1)=O,28.4,acid,nu
OC(CC1=CC=C(OC)C(OC)=C1)=O,1.62,acid,nu
OC(C(CC)CC)=O,0.44,acid,nu
OC(C(CCCCCCC)C=C)=O,0.25,acid,nu
OC(CCC1=CC=CC=C1)=O,6.6,acid,nu
OC(C#CC)=O,118,acid,nu
OC(C1=CC=C(OCO2)C2=C1)=O,7.12,acid,nu
OC(C(C)C)=O,0.39,acid,nu
OC(C1=CC=CC=C1S)=O,4.74,acid,nu
OC(C(F)(C(F)(F)C(F)(F)C(F)(F)C(F)(F)C(F)(F)C(F)(F)C(F)(C(F)(F)C(F)(F)C(F)(F)C(F)(F)C(F)(F)F)F)F)=O,28.8,acid,nu
OC(CCCCCCCCCCCCCCCCCCC)=O,49.7,acid,nu
OC(C(F)(C(F)(C(F)(C(F)(F)F)F)F)F)=O,5.76,acid,nu
OC(C1=C(F)C(F)=C(F)C(F)=C1F)=O,7.98,acid,nu
OC(C(C1=CC=CC=C1)C2=CC=CC=C2)=O,6.8,acid,nu
OC(CCCCCCCCCCC)=O,1.64,acid,nu
OC(C(C)(C)C)=O,6.54,acid,nu
CCCCCCCC/C=C\CCCCCCCCCCCC(O)=O,0.2,acid,nu
OC(CC(C)C)=O,0.45,acid,nu
OC(CCCCCCCCCCCCCCCCCCCBr)=O,52.8,acid,nu
OC(CC#N)=O,1.96,acid,nu
OC(COC(C)=O)=O,12.12,acid,nu
OC(C1=CC(OC)=C(OC)C=C1)=O,0.81,acid,nu
OC(C1=CC=NC=C1)=O,8,acid,nu
OC(CSC1=CC=CC=C1)=O,2.85,acid,nu
OC(/C=C/C)=O,0.13,acid,nu
OC(C1=C(C=CC=C2)C2=CC3=C1C=CC=C3)=O,16.92,acid,nu
OC(C12C[C@H]3C[C@H](C[C@H](C3)C2)C1)=O,3.82,acid,nu
OC(CCC#C)=O,75.5,acid,nu
CCCCCCCC/C=C\CCCCCCCC(O)=O,0.09,acid,nu
OC(CCCC)=O,9.32,acid,nu
OC(C1=CC=C(Br)C=C1)=O,2.28,acid,nu
OC(C1=CC=C(Br)C=C1)=O,15.46,acid,nu
OC(C1=C(Br)C=CC=C1)=O,1.57,acid,nu
OC(C1CCNCC1)=O,2.18,acid,nu
OC(C1CCC1)=O,10.547,acid,nu
OC(C1=CC=C(C=CC=C2)C2=N1)=O,19,acid,nu
OC(C1=CC2=C(C=CC=C2)C=C1)=O,4.72,acid,nu
OC(CCC(C)=O)=O,0.64,acid,nu
OC(CCCCCBr)=O,7.08,acid,nu
OC(CC1=CC=C(C)C=C1)=O,3.24,acid,nu
OC(C(CC)C1=CC=CC=C1)=O,0.66,acid,nu
OC(C(CC)CCCC)=O,0.67,acid,nu
OC(C(F)(C(F)(C(F)(C(F)(C(F)(C(F)(C(F)(F)F)F)F)F)F)F)F)=O,7.74,acid,nu
OC(COCC1=CC=CC=C1)=O,21.2,acid,nu
OC(C1=C(F)C=CC=C1)=O,1.67,acid,nu
C/C(CC/C=C(C)/C)=C\C(O)=O,4.28,acid,nu
OC(CC=C)=O,6.04,acid,nu
OC(C(CC1=CC=CC=C1)=O)=O,21.8,acid,nu
OC(C1=CC=CC(OC)=C1)=O,1.02,acid,nu
CCCCC/C=C\C/C=C\CCCCCCCC(O)=O,0.2,acid,nu
OC(C1=CC=C(F)C=C1)=O,3.16,acid,nu
OC(C1=CC=C(F)C=C1)=O,0.6,acid,nu
OC(C1=C(C)C=CC=C1)=O,0.3,acid,nu
OC(C1=C(C=CC=C2)C2=CC=C1)=O,1.58,acid,nu
C[C@@]1([C@]2([C@@](CCC1)(C)[C@@]3([H])CCC(C(C)C)=CC3=CC2)[H])C(O)=O,2.83,acid,nu
OC(CCC=C)=O,7.5,acid,nu
OC(C1=CC=C(I)C=C1)=O,7.9,acid,nu
OC(C1=C(I)C=CC=C1)=O,1.23,acid,nu
OC(C(CC)=O)=O,11.08,acid,nu
OC(C1=CC(C)=CC=C1)=O,4.78,acid,nu
OC(CCC)=O,5.14,acid,nu
OC(C1=CC=C(OC)C=C1)=O,3.06,acid,nu
OC(CC1=CC=C(OC)C=C1)=O,8.2,acid,nu
OC(C1=CC=C(Cl)C=C1)=O,0.79,acid,nu
OC(C1=C(C)C=C(C)C=C1C)=O,13.8,acid,nu
OC(C(CBr)=O)=O,12.9,acid,nu
OC(C1=CC=C(S)C=C1)=O,107,acid,nu
OC(C1=CC=NC=C1)=O,5.48,acid,nu
OC(C1=CC=C(C)C=C1)=O,5.3,acid,nu
OC(C(Br)C1=CC=CC=C1)=O,9.16,acid,nu
OC(C1=CSC=C1)=O,35.4,acid,nu
C[C@H](CC/C=C(C)/C)CC(O)=O,36.2,acid,nu
OC(CCCCCCCCCCBr)=O,0.63,acid,nu
OC(CC1=CC=C(S)C=C1)=O,102,acid,nu
OC(C1=CC=CC=C1Cl)=O,5.64,acid,nu
OC(CCC1CCCC1)=O,2.95,acid,nu
OC(CC1=CC=C(F)C=C1)=O,2.22,acid,nu
OC(CCC#C)=O,28.4,acid,nu
OC(C(F)(C(F)(F)C(F)(F)C(F)(F)C(F)(F)C(F)(F)C(F)(C(F)(F)C(F)(F)C(F)(F)C(F)(F)F)F)F)=O,45.1,acid,nu
OC(C1=C(C(C)=O)C=CC=C1)=O,6.76,acid,nu
OC(C1=CC=C(C=O)C=C1)=O,6.59,acid,nu
OC(C1=CC=CC([N+]([O-])=O)=C1)=O,5.06,acid,nu
OC(C(C)(C)OC1=CC=C(Cl)C=C1)=O,1.66,acid,nu
OC(C1=CC(Br)=CC=C1)=O,2.5,acid,nu
OC(C1=CC=C(CC)C=C1)=O,7.08,acid,nu
O=C1C(N=C2CNC3=CC=C(C=C3)C(O)=O)=C(N=C2)N=C(N)N1,4940,acid,nu
OC(CCC1=CC=CN=C1)=O,120.4,acid,nu
OC(CCCCCC1=CC=CC=C1)=O,67.1,acid,nu
OC(C(Br)C(Br)C1=CC=CC=C1)=O,8.76,acid,nu
OC(CCCC=C)=O,92.9,acid,nu
OC(CCCCCCCCCBr)=O,5.26,acid,nu
OC([C@@](C(F)(F)F)(OC)C1=CC=CC=C1)=O,209,acid,nu
OC(C(C)(C)Br)=O,1.77,acid,nu
OC(C1=CC=CO1)=O,5.56,acid,nu
C#CCCCCCCCCC(O)=O,29.4,acid,nu
OC(CCCC1=CC=CC=C1)=O,2.44,acid,nu
OC(C1=CC=C(N=[N+]=[N-])C=C1)=O,11.9,acid,nu
OC(COC)=O,1.24,acid,nu
OC(C1=CC=C(C(C)C)C=C1)=O,15.8,acid,nu
OC(C1=CC(F)=CC=C1)=O,6.62,acid,nu
OC(C1=C([N+]([O-])=O)C=CC=C1)=O,10.38,acid,nu
CCCCCCCCCCCCC#CC#CCCCCCCCCC(O)=O,34,acid,nu
OC(CC12C[C@H]3C[C@H](C[C@H](C3)C2)C1)=O,28.6,acid,nu
OC(C1=CC=CC=C1OCC)=O,0.85,acid,nu
OC(C1=CC(C#N)=CC=C1)=O,7.9,acid,nu
OC(CC1=CC(C)=CC=C1)=O,5.74,acid,nu
OC(C(Br)C)=O,0.2,acid,nu
OC(CCCCC1=CC=CC=C1)=O,4.44,acid,nu
OC(C(Cl)C)=O,0.28,acid,nu
OC(CC1=CC(C=CC=C2)=C2C=C1)=O,13.5,acid,nu
CCCCC/C=C\C/C=C\C/C=C\C/C=C\CCCC(O)=O,754,acid,nu
OC(CC(C)(C)C)=O,1.97,acid,nu
OC(CCC(C)C)=O,6.36,acid,nu
OC(C(OC)C1=CC=CC=C1)=O,60,acid,nu
OC(CCCCBr)=O,1.54,acid,nu
OC(CCCC(C)=O)=O,14.16,acid,nu
OC(CCCCC(C)=O)=O,90.1,acid,nu
OC(CCCCC#C)=O,46.1,acid,nu
OC(CCCCCCCCCCCBr)=O,63.2,acid,nu
OC(CCCCC=C)=O,91.7,acid,nu
OC(CCCCCCCCCCCCCCCBr)=O,97.6,acid,nu
OC(C(C)C1=CC=CC=C1)=O,13.2,acid,nu
OC(C(CCC)=O)=O,42.8,acid,nu
OC(C(Br)CCCCCC)=O,9.22,acid,nu
OC(C(C)CCCC)=O,7.08,acid,nu
OC(C1=CC=C(C(F)(F)F)C=C1)=O,11.98,acid,nu
OC(CCCCCl)=O,5.63,acid,nu
OC(CCC1CCCCC1)=O,13.54,acid,nu
OC(C(CCCCCC)=O)=O,81.6,acid,nu
OC(C#CCC)=O,18.92,acid,nu
OC(CC(C)C1=CC=CC=C1)=O,8.98,acid,nu
OC(C(Br)CCCCCCCCCCCCCC)=O,85.4,acid,nu
O=C(C1CCCCCCCCCCC1)O,221,acid,nu
OC(C1=CC=CS1)=O,1.32,acid,nu
OC(C1=CC(C)=CC(C)=C1)=O,3.54,acid,nu
OC(C(OC)C1=CC=CC=C1)=O,46.4,acid,nu
OC(C(C)CCC)=O,0.65,acid,nu
OC(C(CCCCCC)CCCC)=O,2.24,acid,nu
OC(C(C1CCCCC1)C2CCCCC2)=O,18.38,acid,nu
O=C(O)CC1=C(C2=C34)C=CC4=CC=CC3=CC=C2C=C1,153,acid,nu
OC(C1=CC(OC)=C(OC)C(OC)=C1)=O,4.88,acid,nu
OC(C(C1=CC=CC=C1)C2CCCC2)=O,14.04,acid,nu
OC(C(C)CC1=CC=CC=C1)=O,27,acid,nu
OC(C1=CC=C(C(C)=O)C=C1)=O,65.9,acid,nu
OC(CC(C)CC)=O,12.12,acid,nu
OC(C1=CC=CC=C1C(C2=CC=CC=C2)=O)=O,1.28,acid,nu
CCCCCCCCC(CCCCCC)C(O)=O,1.6,acid,nu
OC(C1=CC=CC(C)=C1C)=O,7.18,acid,nu
CCCCCCCCCCC#CC#CCCCCCCCCC(O)=O,49.2,acid,nu
OC(C1=CC=C(S(=O)(F)=O)C=C1)=O,148,acid,nu
OC(C1=CC=C(C(C2=CC=CC=C2)=O)C=C1)=O,20.4,acid,nu
OC(C1=CC([N+]([O-])=O)=CC([N+]([O-])=O)=C1)=O,0.441,acid,nu
OC(COC1=C(Cl)C=CC(Cl)=C1)=O,8,acid,nu
OC(CC1=CC=CS1)=O,2.7,acid,nu
OC(CC1=CSC=C1)=O,11,acid,nu
OC(CCC(C1=CC=CC=C1)=O)=O,2.88,acid,nu
OC(C(F)C)=O,460,acid,nu
OC(C1=CC=C(C(C)(C)C)C=C1)=O,0.11,acid,nu
OC(C)=O,0.24,acid,nu
OC(CC1CC1)=O,120,acid,nu
OC(C(C1=C(C)C=C(C)C=C1C)=O)=O,324.4,acid,nu
OC(CS(C)(=O)=O)=O,324.4,acid,nu
OC(C(C(C)(C)C)=O)=O,97.3,acid,nu
OC(CC1=C(C=CC=C2)C2=CC=C1)=O,0.7,acid,nu
OC(C(F)(F)C1=CC=CC=C1)=O,69,acid,nu
CC1(C)[C@H](C(C)=O)C[C@@H]1CC(O)=O,19.68,acid,nu
OC(CCCS)=O,973,acid,nu
CCC(C)CCC(O)=O,68.8,acid,nu
OC(C1=CSC=N1)=O,113,acid,nu
O=C(O)CCCCCCCCCCCCCCCS,1732,acid,nu
OC(C(C1=CC=CS1)=O)=O,90.9,acid,nu
OC(C1=CC=CC(C=O)=C1)=O,83.9,acid,nu
OC(C1=COC=C1)=O,16.82,acid,nu
O=C(O)CCCCCCCS,284,acid,nu
OC(CC1=C(OC)C=CC=C1)=O,5.26,acid,nu
OC(C1CCC(CC1)=O)=O,64.7,acid,nu
OC(CNC(C1=CC=CC=C1C)=O)=O,45.2,acid,nu
OC(CNC(C1=CC=CC(C)=C1)=O)=O,54.5,acid,nu
OC(CNC(C1=CC=C(C)C=C1)=O)=O,54.9,acid,nu
OC(CC1=CC(OCO2)=C2C=C1)=O,15.6,acid,nu
O=C(O)CCCCCS,302,acid,nu
OC(C(C(C)C)Br)=O,3.86,acid,nu
OC(C1=CC=CC(CCl)=C1)=O,5.26,acid,nu
OC(C1=C(C)N=CC=C1)=O,106,acid,nu
OC(C1=C(Cl)C=CC=C1)=O,3.82,acid,nu
OC(C1=C(CC)C=CC=C1)=O,48.6,acid,nu
OC(CC1=C(I)C=CC=C1)=O,8.08,acid,nu
OC(CCC1=C(C)C=CC=C1)=O,45.5,acid,nu
OC(CC1=C([N+]([O-])=O)C=CC=C1)=O,87.5,acid,nu
OC(C1=C(Cl)C(Cl)=CC=C1)=O,9.36,acid,nu
OC(C1=C(Cl)C(Cl)=CC(Cl)=C1)=O,97.4,acid,nu
OC(C1=C(Cl)C=C(Cl)C=C1)=O,6.2,acid,nu
OC(CC1=C(Cl)C=C(Cl)C=C1)=O,4.59,acid,nu
OC(C1=C(Cl)C=CC(Cl)=C1)=O,1.66,acid,nu
OC(C1=CC=C(I)C=C1I)=O,81.4,acid,nu
OC(C1=C(Cl)C=CC=C1C)=O,2.53,acid,nu
OC(C1=CC=CC(C(C)=O)=C1)=O,26.5,acid,nu
OC(CC1=C(Br)C=CC=C1)=O,23.2,acid,nu
OC(C1=CC=CC(OCC)=C1)=O,9.52,acid,nu
OC(C1=CC(I)=CC=C1)=O,6.53,acid,nu
OC(CC1=CC(OC)=CC=C1)=O,8.56,acid,nu
OC(CC1=CC([N+]([O-])=O)=CC=C1)=O,32.8,acid,nu
OC(CCOC1=CC=CC=C1)=O,16.88,acid,nu
OC(C1=CC(Cl)=C(Cl)C=C1)=O,1.69,acid,nu
ClC1=C(Cl)C=CC(CC(O)=O)=C1,5.82,acid,nu
OC(C1=CC(Br)=CC(Br)=C1)=O,25.4,acid,nu
OC(C1=CC(Cl)=CC(Cl)=C1)=O,4.56,acid,nu
OC(CC1=CC=C(Br)C=C1)=O,2.77,acid,nu
OC(C1=CC=C(OCC)C=C1)=O,1.34,acid,nu
OC(C#C[Si](C)(C)C)=O,95,acid,nu
OC(CCC1CCNCC1)=O,4.6,acid,nu
OC(CC1=C(Br)C=CC=C1)=O,8.48,acid,nu
OC(CCCCl)=O,2.49,acid,nu
OC(C(C)(CCl)CCl)=O,6.88,acid,nu
OC(C1=CC=CC=C1CC2=CC=CC=C2)=O,8.36,acid,nu
OC(C1=CC=C(C2=CC=CC=C2)C=C1)=O,3.16,acid,nu
OC(CCBr)=O,0.67,acid,nu
OC(CCC1=CC=CS1)=O,28.6,acid,nu
OC(C1(CC1)C)=O,103,acid,nu
OC(C1C(C)C1)=O,12.5,acid,nu
OC(C(Br)CBr)=O,2.66,acid,nu
OC(C1=CC=CC(C(C2=CC=CC=C2)=O)=C1)=O,28.2,acid,nu
OC(CCI)=O,7.62,acid,nu
OC(CCOC)=O,18.7,acid,nu
OC(CC(F)(F)F)=O,31.6,acid,nu
OC(C1=CC=C(OCC2=CC=CC=C2)C=C1)=O,10,acid,nu
OC(C1=CC=C(OC2=CC=CC=C2)C=C1)=O,4.32,acid,nu
OC([C@@H](OC)C1=CC=CC=C1)=O,141,acid,nu
OC([C@H](OC)C1=CC=CC=C1)=O,121,acid,nu
OC(CC1C(CCC1)=O)=O,28.8,acid,nu
OC(C1=CC(OC)=CC(OC)=C1)=O,2.89,acid,nu
OC(CC1=CC=C(C2=CC=CC=C2)C=C1)=O,11.7,acid,nu
OC(C1=CC=C(CCl)C=C1)=O,18.8,acid,nu
OC(C[Si](C)(C)C)=O,63.1,acid,nu
OC(CC(C1=CC=CC=C1)C2=CC=CC=C2)=O,2.61,acid,nu
OC(CC(C1=CC=CC=C1)(C2=CC=CC=C2)C3=CC=CC=C3)=O,12.62,acid,nu
OC(C1=CC(OCC)=C(OCC)C=C1)=O,2.38,acid,nu
OC(CC1=CC(OC)=C(OC)C(OC)=C1)=O,9.78,acid,nu
OC(C(C)OC1=CC=CC=C1)=O,0.47,acid,nu
OC(C(C)(C)CC)=O,3.82,acid,nu
OC(CC1=CC=C(Cl)C=C1)=O,3.82,acid,nu
OC(CCCC1=CC=C(I)C=C1)=O,133,acid,nu
OC(C1=CC=C(CBr)C=C1)=O,13.96,acid,nu
OC(C(Br)CC)=O,0.62,acid,nu
OC(C(C1=CC=CC=C1)(C2=CC=CC=C2)C)=O,18.54,acid,nu
OC(CCCI)=O,99.7,acid,nu
O=C(O)CCCCBr,2.74,acid,nu
OC(C1CCCCC1)=O,26.4,acid,nu
OC(C1CCCCC1)=O,26.5,acid,nu
OC(C1=CC=CN=N1)=O,114,acid,nu
OC(C1=CC=CC(OC)=C1OC)=O,7.98,acid,nu
OC(CCC1=CC(OC)=CC=C1)=O,13.24,acid,nu
OC(CCC1=CC=C(OC)C=C1)=O,6.77,acid,nu
OC(C1C=CCCC1)=O,119,acid,nu
OC(CC1=C(C(F)(F)F)C=CC=C1)=O,27.6,acid,nu
OC(CC1=CC(C(F)(F)F)=CC=C1)=O,10.6,acid,nu
OC(CC1=CC=C(C(F)(F)F)C=C1)=O,17.92,acid,nu
OC(CC1=CC(C#N)=CC=C1)=O,95.8,acid,nu
OC(C(C)OC(C)=O)=O,33.8,acid,nu
OC(CC1=CC=C(C#N)C=C1)=O,235,acid,nu
OC(C1=CC(OC)=C(OC)C=C1Br)=O,16.8,acid,nu
CC(CCCCC(O)=O)=O,21.2,acid,nu
O=C(O)CCCC(C1=CC=CC=C1)=O,18,acid,nu
OC(C1=C(F)C(F)=CC=C1)=O,9.57,acid,nu
OC(C1=CC=C(F)C(F)=C1F)=O,8.48,acid,nu
OC(C1=CC=C(F)C(F)=C1F)=O,1.32,acid,nu
OC(C1=C(F)C=CC(F)=C1F)=O,29.3,acid,nu
OC(C1=CC=C(F)C=C1F)=O,5.7,acid,nu
OC(C1=CC(F)=C(F)C=C1F)=O,8.28,acid,nu
OC(C1=C(F)C=CC=C1F)=O,9.54,acid,nu
OC(C1=CC(F)=C(F)C(F)=C1)=O,1.32,acid,nu
CCCCCCCCC#CC#CCCCC(O)=O,312,acid,nu
OC(CC1=C(F)C=CC(F)=C1F)=O,82,acid,nu
OC(CC1=CC=CC(F)=C1F)=O,6.9,acid,nu
OC(CC1=CC(F)=CC=C1F)=O,12.12,acid,nu
OC(CC1=CC(F)=C(F)C=C1)=O,15.04,acid,nu
C[C@@H](CC/C=C(C)/C)CC(O)=O,206,acid,nu
OC(C1=CC(C=CC=C2)=C2O1)=O,13.66,acid,nu
O=C(NC(C1)=O)N[C@H]1C(O)=O,172,acid,nu
OC(C#CC1CC1)=O,632,acid,nu
CCCCCC/C=C\CCCCCCCCC(O)=O,380,acid,nu
OC(C1=CC=CC=C1C(F)(F)F)=O,11.2,acid,nu
OC(C1=CC=CC(C(F)(F)F)=C1)=O,6.18,acid,nu
O=C(O)CC1=CNC2=C1C=CC=C2,7.1,acid,nu
O=C(O)CCCCCCCCCCS,1096,acid,nu
OC(C1=CC(I)=CC(I)=C1I)=O,8.88,acid,nu
OC(C1=COC=N1)=O,28.3,acid,nu
O=C(O)COC1=CC=C2C=CC=CC2=C1,0.31,acid,nu
O=C(O)C1CC2=C(C=CC=C2)CC1,168,acid,nu
O=C(O)CN1C(SCC1=O)=S,6.04,acid,nu
O=C(C1=C2C=CC=C1)C3=CC=C(C(O)=O)C=C3C2=O,60.3,acid,nu
O=C(O)CSC(C1=CC=CC=C1)=S,18.1,acid,nu
OC(C/C=C/C)=O,18.12,acid,nu
OC(C)=O,0.09,acid,nu
OC(C[C@@H](C)C1=CC=CC=C1)=O,147,acid,nu
OC(C1=CC=CC=C1CCl)=O,41.4,acid,nu
O=C(O)CNC(C(C)C)=O,1.2,acid,nu
O=C(O)C1=CC=CC=C1CC=C,1200,acid,nu
O=C(O)CC1=CC2=CC=CC=C2O1,2400,acid,nu
CCCCCCCCCCCCC/C=C/C(O)=O,818,acid,nu
O=C(O)COCC(C)C,324.4,acid,nu
OC(C(C)OC(C)C)=O,2,acid,nu
O=C(C1=NC2=CC=CC=C2N=C1)O,222,acid,nu
OC(C1CC1(F)F)=O,395.6,acid,nu
OC(C(F)(F)C)=O,788,acid,nu
OC(C(C(F)(F)F)F)=O,162.2,acid,nu
O=C(O)CC1=CC(F)=C(F)C=C1F,72.4,acid,nu
O=C(O)CC1=C(F)C=C(F)C=C1F,811,acid,nu
O=C(O)C1=C(Cl)N=CC(Cl)=C1,564,acid,nu
O=C(O)C1=CC=CC(OCC2=CC=CC=C2)=C1,19,acid,nu
O=C(O)CCC#N,1850,acid,nu
CCCCCC/C=C/CC(O)=O,327.2,acid,nu
O=C(O)CCN(C)C,740,acid,nu
O=C(O)C1=CC=CC(C#C)=C1,57.2,acid,nu
CCC/C=C/CC(O)=O,162.2,acid,nu
CCCCC/C=C/CC(O)=O,324.4,acid,nu
O=C(C1CC(C1)=O)O,811,acid,nu
O=C(C1=CC2=CC=CC=C2N=C1)O,36.2,acid,nu
O=C(O)C1=C(F)C=NC=C1F,811,acid,nu
O=C(O)CC1=CC(C)=CC(C)=C1,162.2,acid,nu
O=C(O)C1=CC=C(OC(C)=O)C=C1,1.44,acid,nu
O=C(C1CCC(N)CC1)O,324.4,acid,nu
O=C(O)CCCC#N,812,acid,nu
O=C(C1=CC=NC2=CC=CC=C12)O,46.5,acid,nu
O=C(O)CCC(F)(F)F,480,acid,nu
CC(C)CCCC(O)=O,324.4,acid,nu
O=C(O)C1=NC=C(C)C=C1,3700,acid,nu
O=C(C1=C2C=CC=NC2=CC=C1)O,216,acid,nu
O=C(O)CCCC(F)(F)F,973,acid,nu
O=C(O)C1=CN=C(OC)C(OC)=C1,925,acid,nu
O=C(O)C1=NC(OC)=C(OC)C=C1,925,acid,nu
O=C(O)CCCCCOC,284,acid,nu
C=CCCCCCC(O)=O,184,acid,nu
O=C(O)CCCCCCC1=CC=CC=C1,811,acid,nu
C=CCCCCCCC(O)=O,186,acid,nu
O=C(O)CC1=C2N=CC=CC2=CC=C1,2400,acid,nu
O=C(O)COC(C)(C)C,811,acid,nu
C[C@H](N)CC(O)=O,120,acid,nu
O=C(O)CCC(F)(F)C(F)(F)C(F)(F)C(F)(F)C(F)(F)C(F)(F)C(F)(F)C(F)(F)F,206,acid,nu
O=C(O)CCC(F)(F)C(F)(F)C(F)(F)C(F)(F)C(F)(F)C(F)(F)F,147,acid,nu
O=C(C1=CC=CN=C1N)O,10.9,acid,nu
O=C(C1=C(Br)SC=C1)O,54.5,acid,nu
CC(C)CC(C(O)=O)=O,64.9,acid,nu
O=C(OC)CCCCCCC(O)=O,50.6,acid,nu
O=C(C1CCN(C(C)=O)CC1)O,62.3,acid,nu
O=C(C1=CC=CN=C1Br)O,38.4,acid,nu
O=C(C1=CC=CN=C1Cl)O,3.87,acid,nu
O=C(C1=CC(Cl)=NC=C1)O,18.54,acid,nu
O=C(C1=CC(C)=NC=C1)O,90.3,acid,nu
O=C(C1=CC=C(Cl)N=C1Cl)O,25.6,acid,nu
O=C(C1=CC(Cl)=NC(Cl)=C1)O,35.4,acid,nu
O=C(C1=NC=CC=C1C)O,17.9,acid,nu
O=C(O)CCCC1=CC=CS1,18.1,acid,nu
O=C(O)C1=CC=C(N2CCOCC2)C=C1,13.86,acid,nu
O=C(C1=CC(Br)=CN=C1)O,6.59,acid,nu
O=C(C1=NC=C(C#N)C=C1)O,78.6,acid,nu
O=C(C1=NC(Br)=CC=C1)O,28.4,acid,nu
O=C(C1=CC=C(Br)N=C1)O,20.2,acid,nu
O=C(C1=CC=C(C#N)N=C1)O,183,acid,nu
O=C(C1=CC=C(F)N=C1)O,444,acid,nu
O=C(O)CCC1=CC=CO1,37.6,acid,nu
C[C@@H](C1=CC=CC=C1)C(O)=O,592,acid,nu
O=C(O)CCSC(C)=O,71.6,acid,nu
O=C(O)CCC1=CC(OCO2)=C2C=C1,61.7,acid,nu
OC([C@@](C(F)(F)F)(OC)C1=CC=CC=C1)=O,213,acid,nu
O=C(O)C1=CC=C2C=CC=CC2=C1Br,45.6,acid,nu
O=C(C1=CC=CC(C2=O)=C1C3=C2C=CC=C3)O,22,acid,nu
O=C(C1=CC=CN=C1S)O,3.2,acid,nu
O=C(C1=CC=CC2=C1CC3=C2C=CC=C3)O,52.4,acid,nu
O=C(O)CC1C=CCC1,18.02,acid,nu
O=C(O)COC1=CC=C(Cl)C=C1,0.29,acid,nu
CC/C=C/CC(O)=O,4.81,acid,nu
O=C(O)C1=CC=CC(OC(F)(F)F)=C1,12.2,acid,nu
O=C(O)CC1=CC=C(SC)C=C1,57.2,acid,nu
O=C(C1C2=C(C3=C1C=CC=C3)C=CC=C2)O,7.39,acid,nu
O=C(O)C1=CC(C(F)(F)F)=CC(C(F)(F)F)=C1,7.08,acid,nu
O=C(O)C1=CC=C(S(=O)(Cl)=O)C=C1,26.2,acid,nu
O=C(C1=CC=C(S)N=C1)O,50.9,acid,nu
O=C(CC1=CNC2=C1C=CC=C2)C(O)=O,194,acid,nu
O=C(O)C1=CC=CC([N+]([O-])=O)=C1C,0.86,acid,nu
O=C(O)C1=CC(Cl)=CC=C1OC,18.5,acid,nu
O=C(O)C1=CC(C)=CC=C1[N+]([O-])=O,8.86,acid,nu
O=C(C1CCC(C(C)(C)C)CC1)O,7.08,acid,nu
O=C(O)CC(C1=CC=CO1)C2=CC=CC=C2,120,acid,nu
O=C(O)CCC1=CNC2=C1C=CC=C2,31.2,acid,nu
CCC(C)C(O)=O,1.18,acid,nu
O=C(O)CCCC1=CC(OC)=CC=C1OC,157,acid,nu
O=C(O)CCSC(C1=CC=CC=C1)(C2=CC=CC=C2)C3=CC=CC=C3,119,acid,nu
O=C(C(S1)=CC2=C1C=CC=C2)O,20.8,acid,nu
O=C([C@@]1(C2(C)C)C(CC2CC1)=O)O,128,acid,nu
O=C(O)[C@@H](C1=CC=CC=C1)OC(C)=O,35.8,acid,nu
O=C(O)CCCCCCCCCCCS,191,acid,nu
O=C(O)C1=CC=C(/N=N/C2=CC=CC=C2)C=C1,37.9,acid,nu
O=C(O)CC1=CNC2=C1C=C(OC)C=C2,163,acid,nu
O=C(C1=CC(C2=CC=CC=C2)=NC3=CC=CC=C13)O,5.44,acid,nu
O=C(O)C1=CC([N+]([O-])=O)=C(C)C([N+]([O-])=O)=C1,7.16,acid,nu
O=C(C1=CC=C2N=CSC2=C1)O,14.64,acid,nu
O=C(O)C1=CC=C(S(=O)(F)=O)C=C1,54.4,acid,nu
O=C(C(N1)=CC2=C1C=CC=C2)O,9.34,acid,nu
O=C(O)COC1=CC=C(Cl)C=C1C,1.25,acid,nu
CC[C@H](C)C(O)=O,135,acid,nu
O=C(O)CCC1=CC=CC=C1I,56.1,acid,nu
O=C(O)C1=CC=C(C(F)(F)C(F)(F)F)C=C1,138.6,acid,nu
O=C(O)C1=CC=C([N+]([O-])=O)C=C1[N+]([O-])=O,5.52,acid,nu
O=C(O)[C@H]1COCC1,506,acid,nu
O=C(C1=C(Br)OC=C1)O,126,acid,nu
O=C1NC(C(O)=O)CN1,766,acid,nu
O=C(O)C1=C(C)OC(C)=C1,16.28,acid,nu
O=C(O)C1=C(C)C=CO1,94.5,acid,nu
O=C(O)C1=C2C=CC=CC2=C(OC)C=C1,3.24,acid,nu
O=C(O)C1=CC(Br)=C(Br)O1,19.18,acid,nu
O=C(O)C1=CC=C(Br)O1,3.47,acid,nu
O=C(O)C1=CC=C([N+]([O-])=O)O1,14.36,acid,nu
O=C(C1=CSC=C1Br)O,62.8,acid,nu
O=C(O)COCCOCCCC,324.4,acid,nu
O=C(O)COC1=CC=CC=C1Cl,97.3,acid,nu
O=C(O)CSC1=NC=CC=C1,2400,acid,nu
O=C(O)CSC1=NC=CC=N1,7.64,acid,nu
O=C(O)CC1=CC(F)=C(F)C(F)=C1,81.1,acid,nu
O=C(O)CNC(C1CC1)=O,8100,acid,nu
C[C@@H](Cl)C(O)=O,60.7,acid,nu
C[C@H](OC)C(O)=O,973,acid,nu
CC[C@@H](C1=CC=CC=C1)C(O)=O,90.9,acid,nu
CCCCCC[C@H](C)CC(O)=O,3640,acid,nu
O=C(C1(C(OC)=O)CC1)O,324.4,acid,nu
O=C(C1(COC)CCC1)O,448,acid,nu
O=C(C1(COC)CC1)O,2030,acid,nu
O=C(O)C1=CC=CC=C1CC#N,8110,acid,nu
O=C(O)C1=CC=NC(N(C)C)=C1,2400,acid,nu
CC(SCC)C(O)=O,284,acid,nu
O=C(O)C1=CC=NC(NC(C)=O)=C1,203,acid,nu
O=C(O)CC1=NC=CN=C1,389.2,acid,nu
O=C(O)C1=CC=CC(S(=O)(Cl)=O)=C1,10.64,acid,nu
O=C(O)C1=CC=CC(NC)=C1,62,acid,nu
O=C(O)CCNC,740,acid,nu
O=C(C1=NC=CC2=C1C=CC=C2)O,18.54,acid,nu
O=C(C1=CC=CC2=C1C=CN=C2)O,242.8,acid,nu
O=C(N(C)C)C(O)=O,162.2,acid,nu
O=C(O)C1=CC=C[N+]([O-])=C1,1.46,acid,nu
O=C(C1=NC=CC=N1)O,50.8,acid,nu
O=C(C1=CN=CN=C1)O,389.2,acid,nu
O=C(C1CCCCO1)O,2160,acid,nu
O=C(C1=CN=CS1)O,740,acid,nu
O=C(N1)N(CC(O)=O)C=C(C)C1=O,34,acid,nu
O=C1C[C@@H](C(O)=O)[C@H](C2=CN=CC=C2)N1C,43,acid,nu
O=C(C1C2=C(OC3=C1C=CC=C3)C=CC=C2)O,10.6,acid,nu
O=C(O)COCCOCCCC,324.4,acid,nu
CCCCCC[C@H](C)CC(O)=O,3640,acid,nu
O=C(O)C1=CC=CC(NC)=C1,62,acid,nu
O=C(C1NCC1)O,1280,acid,nu
O=C(C1=CN2C=CC=CC2=C1)O,1200,acid,nu
O=C(C1=CC2=C(C=NC=C2)C=C1)O,1850,acid,nu
O=C(C1=CON=C1)O,4800,acid,nu
O=C(O)CC1OCCC1,3244,acid,nu
O=C(O)CC1CCOCC1,811,acid,nu
O=C(C1SCCN1)O,12.72,acid,nu
O=C(O)C1=CC(I)=CC=C1Cl,3.61,acid,nu
O=C(O)CCC1=CC=CC=C1Br,4.44,acid,nu
O=C(O)CCC1=CC=CC=C1Br,6.84,acid,nu
C/C(C)=C\[C@@H]1[C@@H](C(O)=O)C1(C)C,646,acid,nu
O=C(C1(C)CCCCC1)O,15,acid,nu
O=C(C1(C2=CC=CC=C2)CC1)O,10.4,acid,nu
O=C(O)CCC1=CC=C(Br)C=C1,15.86,acid,nu
O=C(O)CCC(C1=CC=C(Cl)C=C1)=O,3.31,acid,nu
O=C(O)CCOC1=CC=C(Cl)C=C1,9.88,acid,nu
O=C(O)CCC1=CC=C(C)C=C1,15.9,acid,nu
O=C(C1(C#N)CC1)O,21.2,acid,nu
O=C(C1(C2=CC=CC=C2)CCCC1)O,8.96,acid,nu
O=C(O)C1=CC=CC=C1C(C2=CC=C(Cl)C=C2)=O,1.04,acid,nu
O=C(O)C1=C2C=CC=CC2=C(C)C=C1,11.4,acid,nu
O=C(O)C1=C(C(F)(F)F)C=CC=C1C(F)(F)F,44.5,acid,nu
O=C(O)CC1=CC(C(F)(F)F)=CC(C(F)(F)F)=C1,8.58,acid,nu
O=C(O)CC1=C(C)NC2=C1C=CC=C2,21.2,acid,nu
C[C@@H](Br)C(O)=O,4.87,acid,nu
O=C(O)C1=CC=C2CCCCC2=C1,13.52,acid,nu
O=C(C1=NC=C(N)C=C1)O,62.4,acid,nu
C[C@H](Br)C(O)=O,10.08,acid,nu
O=C(O)C1=CC=C([N+]([O-])=O)C=C1OC,16.2,acid,nu
O=C(O)C1=CC=CC(Br)=C1C,23.8,acid,nu
O=C(O)C1=CC(I)=CC(Br)=C1,18.66,acid,nu
O=C(O)C1=CC(OC)=C(Br)C(OC)=C1,3.4,acid,nu
O=C(O)C1=CC=C(OC)C([N+]([O-])=O)=C1,1.72,acid,nu
O=C(O)C1=CC(Br)=CC=C1Cl,1.21,acid,nu
O=C(O)C1=CC(Cl)=CC=C1[N+]([O-])=O,1.04,acid,nu
O=C(O)C1=CC(OC)=CC=C1[N+]([O-])=O,3.22,acid,nu
CC(OC1=CC=CC(Cl)=C1)C(O)=O,1.69,acid,nu
CC(C1=CC=C([N+]([O-])=O)C=C1)C(O)=O,4.31,acid,nu
O=C(O)CC1=CC=C(OC)C=C1Br,11.8,acid,nu
O=C(O)C1=CC(Cl)=CC=C1Br,3.5,acid,nu
O=C(O)C1=CC(OC)=CC=C1Br,14.16,acid,nu
O=C(O)C1=CC([N+]([O-])=O)=CC=C1Cl,0.47,acid,nu
O=C(O)C1=CC=CC(OC)=C1[N+]([O-])=O,23.04,acid,nu
O=C(O)C1=CC=C(Br)C=C1Cl,6.98,acid,nu
O=C(O)C1=CC=C(Cl)C=C1I,39.4,acid,nu
O=C(O)C1=CC=C(Cl)C([N+]([O-])=O)=C1,0.29,acid,nu
O=C(O)C1=CC(OC)=C(OC)C=C1[N+]([O-])=O,2.59,acid,nu
O=C(O)C1=CC(C(C)(C)C)=CC(C(C)(C)C)=C1,38,acid,nu
O=C(O)C1=CC=C(C(F)(F)F)C=C1[N+]([O-])=O,27.7,acid,nu
O=C(O)C1=CC=C(OC)C(OC)=C1Cl,42.2,acid,nu
C=CC(C)CC(O)=O,33.7,acid,nu
CC1=C([N+]([O-])=O)C=C([N+]([O-])=O)C=C1C(O)=O,0.57,acid,nu
O=C(C1=CC=CN=C1SC)O,5.92,acid,nu
O=C(C1=CC(C(F)(F)F)=NC=C1)O,77.4,acid,nu
O=C(C1=C(C(F)(F)F)C=CN=C1)O,72.9,acid,nu
O=C(C1=NC=C(C(F)(F)F)C=C1)O,266,acid,nu
O=C(O)CCC1=CNC2=C1C=CC=C2,4.08,acid,nu
O=C(O)CCCC1=CC=C(OC)C(OC)=C1,13.16,acid,nu
O=C(O)C1=CC=C2C=C(F)C=CC2=C1,158.4,acid,nu
O=C(C1=COC(C)=N1)O,52.5,acid,nu
O=C(C1=COC(C)=N1)O,5.32,acid,nu
O=C(O)C1=C(I)C=CC=C1F,53,acid,nu
O=C(O)C1=CC=C(F)C([N+]([O-])=O)=C1,5.26,acid,nu
O=C(O)C1=CC=C(F)C=C1Cl,4.28,acid,nu
O=C(O)C1=CC=C(Br)C=C1F,13.34,acid,nu
O=C(O)C1=CC(Cl)=CC=C1F,7.64,acid,nu
OC([C@@]12[C@@H]3[C@@H]4[C@@H]1[C@@H]5[C@H]2[C@H]3[C@@]54C(OC)=O)=O,714,acid,nu
O=C(C1CC(CC1)=O)O,325,acid,nu
CC1C(NC2=C3C=CC=C2)=C3CC(C(O)=O)N1,794,acid,nu
O=C(O)CCC(N[C@H](C1=CC=CC=C1)C)=O,58,acid,nu
O=C(C1=NC=NC=C1)O,252,acid,nu
O=C(C(C=C1)=CN(C)C1=O)O,64.8,acid,nu
[H][C@]1(C(O)=O)[C@@H]2C=C[C@@H](C2)C1,135,acid,nu
[H][C@@]1(SC2(C)C)[C@H](N)C(N1[C@H]2C(O)=O)=O,6.18,acid,nu
O=C(C1=CC=CC2=C1C=CN2)O,510,acid,nu
O=C([C@H](CCC1)NC1=O)O,91.2,acid,nu
O=C(O)CCN1C=CC=C1,217,acid,nu
O=C(O)CONC(CC1=CC=CC=C1)=O,7400,acid,nu
O=C([C@@H]1C[C@H](N)CC1)O,3700,acid,nu
O=C(O)CNCCN,1832,acid,nu
O=C(O)COC1=CC=CC=C1C#N,811,acid,nu
O=C(O)CNC(CC(C)C)=O,811,acid,nu
O=C(O)C(C1=CC=C(OC)C=C1)NC,402,acid,nu
O=C(O)COC1=C2N=CC=CC2=CC=C1,1136,acid,nu
O=C(O)[C@@H]1OCCC1,31.4,acid,nu
CC[C@H](C)CC(O)=O,811,acid,nu
O=C([C@H]1NCCOC1)O,1850,acid,nu
O=C(O)C(NC(C)(C)C)=O,288,acid,nu
O=C(C1(C2=CC=CC=C2F)CC1)O,284,acid,nu
O=C(C1CCN(C(C2CC2)=O)CC1)O,147,acid,nu
O=C(C1(N)CCC(C2=CC=CC=C2)CC1)O,1850,acid,nu
O=C(C1N(CC2=CC=CC=C2)CC1)O,3244,acid,nu
O=C(C1=CN(C)C=N1)O,175.4,acid,nu
O=C(C1CN(C)CCC1)O,811,acid,nu
O=C(C1=CSN=N1)O,1622,acid,nu
O=C(C1NCC2=C(C=CC=C2)C1)O,811,acid,nu
O=C(C1=NON=C1)O,1200,acid,nu
O=C(C1=C2OCOC2=CC=C1)O,811,acid,nu
O=C(O)CC1=CC=C(OC=N2)C2=C1,1200,acid,nu
O=C(C1=CC=C(OC=N2)C2=C1)O,2400,acid,nu
O=C(O)CC1=CSC=N1,1200,acid,nu
O=C(O)CC1=CC=C(OCCO2)C2=C1,61.2,acid,nu
O=C(C1=CC=C(OCCO2)C2=C1)O,21.2,acid,nu
O=C(C1=CC2=NC=CC=C2N=C1)O,1170,acid,nu
O=C(O)CN1C=CN=C1,97.3,acid,nu
O=C(O)CN1N=CC2=C1C=CC=C2,203,acid,nu
O=C(O)C1=CC=CC=C1OC(F)(F)C(F)F,324.4,acid,nu
CC(OC1=CC=C(C=O)C=C1)C(O)=O,97.3,acid,nu
O=C(O)C1=CC=NC(C2=CC=C(C=O)C=C2)=C1,3700,acid,nu
O=C(O)C1=CC(Cl)=CC=C1OC(C)=O,81.1,acid,nu
O=C(O)C1=CC=CC(Br)=C1N,48.3,acid,nu
O=C(O)CC1=CSC(N)=N1,2.3,acid,nu
O=C(O)C1=C(Cl)C=C(Cl)C=C1N,3244,acid,nu
O=C(C1=CSC(Br)=N1)O,811,acid,nu
O=C(O)C1=CC(C)=CC=C1Br,49.4,acid,nu
O=C(O)C1=CC=CC(C)=C1Cl,81.1,acid,nu
O=C(O)C1=C(Cl)N=CC=C1NC(C(C)(C)C)=O,564,acid,nu
O=C(O)C1=CC(OC)=CC=C1Cl,770,acid,nu
O=C(O)C1=C(Cl)N=CC(C)=C1,925,acid,nu
O=C(O)C1=C(I)C=CC=C1Cl,85.7,acid,nu
O=C(O)C1=C(C)C=CC=C1Cl,120,acid,nu
O=C(C1=CN=C(Cl)N=C1)O,4200,acid,nu
O=C(C1=CN=C(CC)N=C1)O,364,acid,nu
O=C(O)C1=CC=CC([N+]([O-])=O)=C1I,113,acid,nu
O=C(O)C1=CC=C([N+]([O-])=O)C=C1I,288,acid,nu
O=C(O)C1=CC(C)=CC=C1I,324.4,acid,nu
O=C(C1=NC(C(C)C)=NC=C1)O,552,acid,nu
CC(C1=CC=CC=C1)(C)C(O)=O,81.1,acid,nu
O=C(C1=NC(C)=NC=C1)O,402,acid,nu
O=C(C1=CSC([N+]([O-])=O)=C1)O,324.4,acid,nu
O=C(C1C(NCCC1)=O)O,770,acid,nu
O=C(O)C(Cl)(Cl)C(F)(F)F,211,acid,nu
O=C(C1=C(C2=CC=CC=C2)N=C(C3=CC=CC=C3)S1)O,288,acid,nu
O=C(O)C1=C(Cl)C=NC(Cl)=C1OC,223,acid,nu
O=C(C1=C(Cl)SC(Cl)=C1)O,12.76,acid,nu
O=C(O)C1=C(I)C=CC(C)=C1I,33.3,acid,nu
O=C(O)C1=C(I)C=C(C)C=C1I,33.3,acid,nu
O=C(C1=CC2=CC=C(C)C(C)=C2N=C1C)O,288,acid,nu
O=C(O)CCC1=CC(C)=CC(C)=C1,203,acid,nu
O=C(O)CCC1=CC=NC=C1,1622,acid,nu
O=C(O)CC1=CC=CC(NC(OCC2C3=CC=CC=C3C4=CC=CC=C24)=O)=C1,8110,acid,nu
O=C(O)C1=CC=C(OC)C(CC=C)=C1,203,acid,nu
O=C(O)C1=CC=CC(N)=C1OC,42.8,acid,nu
O=C(O)C1=CC=C(Br)C(N)=C1,24.2,acid,nu
O=C(O)C1=CC(Br)=CC(N)=C1,39.6,acid,nu
O=C(O)C1=CC(OC)=CC(N)=C1,48,acid,nu
O=C(O)C1=C(OC)C=NC=C1N,925,acid,nu
O=C(C12CC3(Br)CC(C2)CC(C3)C1)O,95.9,acid,nu
O=C(C1=C(Cl)C=CS1)O,28.6,acid,nu
O=C(C1=C(OCC)C=CS1)O,324.4,acid,nu
O=C(C1=CC(CC)=NO1)O,1200,acid,nu
O=C(O)C1=CC=CC(F)=C1OC,811,acid,nu
O=C(C1=C(I)C=NC=C1)O,1200,acid,nu
O=C(O)C1=CC=CC(OC)=C1C,324.4,acid,nu
CCC(C)C(C(O)=O)=O,1636,acid,nu
O=C(C1=C(C)C=CS1)O,5.32,acid,nu
CC(C(C)CC(O)=O)=O,324.4,acid,nu
O=C(O)C(C)(C)C(F)(F)F,165.6,acid,nu
O=C(C1=CC(Cl)=NN=C1Cl)O,62,acid,nu
O=C(C1=CC(OC)=NN=C1OC)O,1622,acid,nu
O=C(O)C1=CC=C(NC(OCC)=O)C=C1,811,acid,nu
O=C(O)C1=CC=C(C(NC)=O)C=C1,1200,acid,nu
O=C(O)C1=CC=C(N2CCCC2)C=C1,18.25,acid,nu
O=C(O)C1=CC=C(CC=C)C=C1,812,acid,nu
O=C(O)C1=CC=C(C2=CC=NC=C2)C=C1,480,acid,nu
O=C(O)C1=CC=C(N)C=C1C,16.1,acid,nu
O=C(C1=NC=CC(N)=C1)O,324.4,acid,nu
O=C(C1=CC(N)=CS1)O,3700,acid,nu
O=C(O)CC1=CC(Br)=CS1,45.9,acid,nu
O=C(C1=NC=CC(Cl)=C1)O,811,acid,nu
O=C(C1=NC=CC(C#N)=C1)O,2030,acid,nu
O=C(O)C1=CC=C(F)C=C1I,86.6,acid,nu
O=C(O)C1=CC=C(OC)C(C)=C1,324.4,acid,nu
O=C(C1=CNC2=C1C(OC)=CC=C2)O,1622,acid,nu
O=C(C1=CSC=C1OC)O,811,acid,nu
O=C(C1=CN=CN=C1C)O,203,acid,nu
O=C(C1=C(C)C=CO1)O,1200,acid,nu
O=C(C1=CC(C)=CN1)O,143,acid,nu
O=C(O)CCCN1CCOCC1,1200,acid,nu
O=C(O)C1=CC(F)=C(F)C=C1C,740,acid,nu
O=C(C1=NOC(C)=C1C)O,1200,acid,nu
O=C(O)C1=CN=CC(C2=CC=CS2)=C1,3244,acid,nu
O=C(O)C1=CC(N)=CC=C1F,324.4,acid,nu
O=C(O)C1=NC=C(Br)C=C1OC,925,acid,nu
O=C(O)C1=CC=C(Cl)O1,3244,acid,nu
O=C(O)C1=C(OC)N=CC(Cl)=C1,364,acid,nu
O=C(C1=NC=C(Cl)C=C1)O,81.1,acid,nu
O=C(O)C1=CC(Cl)=C(F)C=C1F,81.1,acid,nu
O=C(C(N1)=CC2=C1C=CC(Cl)=C2)O,57.2,acid,nu
O=C(C1=CC=C(Cl)S1)O,6.06,acid,nu
O=C(C1=NOC(C2CC2)=C1)O,103,acid,nu
O=C(O)C1=CC(F)=CC=C1I,91,acid,nu
O=C(O)C1=CC(F)=CC=C1S,296,acid,nu
O=C(O)C1=C(OC)N=CC(F)=C1,2030,acid,nu
O=C(C(N1)=CC2=C1C=CC(F)=C2)O,47.2,acid,nu
O=C(C1=CC2=CC(OC)=CC=C2O1)O,811,acid,nu
O=C(C1=NC=C(C)N=C1)O,8.84,acid,nu
O=C(C1=C(C)ON=C1)O,26.2,acid,nu
O=C(O)C1=CC=C(C2=CC=CC=C2)O1,21,acid,nu
O=C(C1=NOC(C2=CC=CC=C2)=C1)O,150.8,acid,nu
O=C(C1=NOC(CCC)=C1)O,97.3,acid,nu
O=C(C(N1)=CC2=C1C=C(OC)C(OC)=C2)O,240,acid,nu
O=C(C1=C2CCCCC2=CC=C1)O,324.4,acid,nu
O=C(C1=CC2=C(C)C=C(C)C=C2N=C1)O,288,acid,nu
O=C(C1=CC2=C(C)C=CC(C)=C2N=C1)O,288,acid,nu
O=C(O)C1=C(Cl)N=C(Br)C=C1,925,acid,nu
O=C(O)C1=CC=C2C=C(Br)C=CC2=C1,811,acid,nu
O=C(C(N1)=CC2=C1C=C(Br)C=C2)O,1622,acid,nu
O=C(O)C1=NC(Cl)=CC=C1C,770,acid,nu
O=C(C1=CC2=CC(Cl)=CC=C2N=C1)O,288,acid,nu
O=C(O)CC1=CNC2=C1C=CC(F)=C2,2030,acid,nu
O=C(C1=CC2=CC(F)=CC=C2N=C1)O,364,acid,nu
O=C(O)CC1=CC=C2C=C(OC)C=CC2=C1,1640,acid,nu
O=C(C1=CC2=CC(OC)=CC=C2N=C1)O,288,acid,nu
O=C(C1=CC2=CC(C)=C(C)C=C2N=C1)O,364,acid,nu
O=C(C1=CC2=CC=C(OC)C=C2N=C1)O,402,acid,nu
O=C(C1=CC2=CC=CC(CC)=C2N=C1)O,284,acid,nu
O=C(C1=NC2=C(F)C=CC=C2C=C1)O,284,acid,nu
CC(CNC(OCC1C2=CC=CC=C2C3=CC=CC=C13)=O)C(O)=O,1200,acid,nu
O=C(O)CC1=CC=CC=C1CNC(OCC2C3=CC=CC=C3C4=CC=CC=C24)=O,3244,acid,nu
O=C(O)CC1=CC=C(NC(OCC2C3=CC=CC=C3C4=CC=CC=C24)=O)C=C1,811,acid,nu
O=C(O)CN1CCOCC1,406,acid,nu
O=C(O)CCSCNC(C)=O,811,acid,nu
O=C(O)CC1=NC=CS1,2160,acid,nu
O=C(O)[C@H]1OCCC1,17.8,acid,nu
O=C(C1=CC(C2=CC=CC=C2F)=CC=C1)O,216,acid,nu
O=C(C1=CC(C2=NC=CC=C2)=NC=C1)O,9730,acid,nu
O=C(C1=CC(C2=CC=CC(F)=C2)=CC=C1)O,120,acid,nu
O=C(C1=CC=C(C2=CC=CC(F)=C2)C=C1)O,120,acid,nu
CC(S(=O)(C1=CC=C(Cl)C=C1)=O)CC(O)=O,1622,acid,nu
O=C(C1=CC=C(C2=CC=C(C)C=C2)C=C1)O,162.2,acid,nu
O=C(O)C1=CC=C(C2=CC=C([N+]([O-])=O)C=C2)O1,56.1,acid,nu
O=C(O)CONC(OC(C)(C)C)=O,121,acid,nu
O=C([C@H]1[C@H](C2=CC=CC=C2)C1)O,23.6,acid,nu
O=C(O)CCC1=CC=C(N=[N+]=[N-])C=C1,1024,acid,nu
O=C(O)C(C(F)(F)F)C(F)(F)F,57.3,acid,nu
O=C(O)C1=CC=C(C(F)(F)F)C=C1F,28,acid,nu
O=C(O)C1=CC=C(C(F)(F)F)C(F)=C1,68.4,acid,nu
O=C(O)C1=CC(C(F)(F)F)=CC(F)=C1,63.3,acid,nu
O=C(C1(C)C(Cl)(Cl)C1)O,6.64,acid,nu
CC(C)C(C1=CC=C(Cl)C=C1)C(O)=O,3.34,acid,nu
O=C1OC2=C(C=CC(OC)=C2)C(CC(O)=O)=C1,424,acid,nu
O=C(O)C1=CC(SC)=CC=C1Cl,11.3,acid,nu
O=C(OCC)CCCCC(O)=O,3.33,acid,nu
O=C(C1=CC=NN1C)O,162,acid,nu
O=C(C1=CC(N)=NC(Cl)=C1)O,170,acid,nu
O=C(C1=NC=C(Br)C=C1F)O,106,acid,nu
O=C(C1=CN(C2CC2)C3=C(C=C(F)C(Cl)=C3)C1=O)O,6,acid,nu
O=C(O)[C@@H](C)C1=CC=C2C=C(OC)C=CC2=C1,16.82,acid,nu
O=C(C1=NC=CS1)O,101,acid,nu
O=C(C(N1)=CC2=C1C=CC(Br)=C2)O,128,acid,nu
O=C(C(N1)=CC2=C1C=CC(OC)=C2)O,25.4,acid,nu
O=C(O)CN1C(C)CCCC1C,2400,acid,nu
O=C(O)CN1CC(C)CCC1,364,acid,nu
O=C(O)CN1CC(NCC1)=O,3561,acid,nu
O=C(O)CC1=C2C=CC(OC)=CC2=CC=C1,2030,acid,nu
CC(C)[C@@H](Br)C(O)=O,27,acid,nu
O=C([C@@H]1N(CC2=CC=CC=C2)CCOC1)O,1200,acid,nu
O=C(C1N(C(OCC2=CC=CC=C2)=O)C3=C(C=CC=C3)C1)O,811,acid,nu
O=C(C1(C2=CC=C(C)C=C2)CCCC1)O,811,acid,nu
O=C(C1N(C(OC(C)(C)C)=O)C2=C(C=CC=C2)C1)O,1622,acid,nu
O=C(C1CCN(C(N)=O)CC1)O,811,acid,nu
O=C(C1=CC2=C(C=C1)CCNC2)O,2840,acid,nu
O=C(O)C1=C(OC2=CC=CC(C(F)(F)F)=C2)N=CC=C1,811,acid,nu
O=C(O)C1=C(NC(C(C)(C)C)=O)N=CC=C1,203,acid,nu
CC(C)(OC1=CC=C(F)C=C1F)C(O)=O,811,acid,nu
CC(C)(OC1=CC=CC(Cl)=C1)C(O)=O,811,acid,nu
O=C(O)C(OC1=CC=CC(C=O)=C1)C2=CC=CC=C2,3244,acid,nu
O=C(C1=CN=C(NCC)N=C1)O,284,acid,nu
O=C(C1=CN=C(NC)N=C1)O,770,acid,nu
O=C(O)C1=C(NC(OC(C)(C)C)=O)N=CC=C1Cl,925,acid,nu
O=C(O)CC1=CC=CC=C1SC(C)(C)C,3244,acid,nu
O=C(O)C(NC(C)=O)CC1CC1,811,acid,nu
O=C(O)C1=CC=C(S(=O)(C)=O)C=C1N,8180,acid,nu
O=C(O)C1=CC=C(C(F)(F)F)C=C1N,324.4,acid,nu
O=C(O)C1=C(N)N=CC(C(F)(F)F)=C1,1170,acid,nu
O=C(O)C1=CC=NC(Br)=C1I,203,acid,nu
O=C(O)C1=CC([N+]([O-])=O)=CC([N+]([O-])=O)=C1Br,284,acid,nu
O=C(C1=CC(OC)=NC2=CC=CC=C12)O,811,acid,nu
O=C(C1=CC=C(OC(C)=C2)C2=C1)O,811,acid,nu
O=C(O)CCS(=O)(C1=CC=C(C)C(C)=C1)=O,2400,acid,nu
O=C(O)CC(N1CCOCC1)=O,216,acid,nu
O=C(O)CCC1=CC=C(NC(OCC2C3=CC=CC=C3C4=CC=CC=C24)=O)C=C1,8110,acid,nu
O=C(O)C1=CC=CC(OC2=NC=CC=C2)=C1,3244,acid,nu
O=C(O)C1=CC=C(C(F)(F)F)C(N)=C1,973,acid,nu
O=C(O)C1=CC=C(F)C(S(=O)(Cl)=O)=C1,1850,acid,nu
O=C(O)C1=CC(C(C)(C)C)=CC(C#N)=C1,4480,acid,nu
O=C(O)CCN1C=CN=C1,864,acid,nu
O=C(C1=CC(OC)=NO1)O,811,acid,nu
O=C(O)C1=CC=C(OCC2=CC=CC=C2F)C=C1,203,acid,nu
O=C(O)C1=CC=C(NC(N(C)C)=O)C=C1,811,acid,nu
O=C(C1=NC=CC(C(F)(F)F)=C1)O,584,acid,nu
O=C(C1=NC=CC(Cl)=C1)O,216,acid,nu
O=C(C1(C#N)CCOCC1)O,1058,acid,nu
O=C(O)CCS(=O)(C1=CC=C(C)C(C)=C1)=O,2400,acid,nu
O=C(O)C1=CC=CC(OC2=NC=CC=C2)=C1,3244,acid,nu
O=C(O)C1=CC=CC(N)=C1NC2=CC=CC=C2,3700,acid,nu
O=C(C1=NC=CC(C(F)(F)F)=C1)O,584,acid,nu
O=C(O)C1=CC=C(CSC)O1,811,acid,nu
O=C(O)C1=CC=C(C2=CC=CC=C2C)O1,1680,acid,nu
O=C(C1=CC=C(CNC(C)=O)O1)O,8110,acid,nu
O=C(C1=CC=C(CC)O1)O,2400,acid,nu
O=C(C1=CC=C(CC)S1)O,3244,acid,nu
O=C(O)C1=CC(C(C)(C)C)=CC=C1OC,480,acid,nu
O=C(C1=NC(C(F)(F)F)=CC=C1)O,147,acid,nu
O=C(C1=NC(I)=CC=C1)O,564,acid,nu
O=C(O)C1=CN=C(C)C=C1C(F)(F)F,22080,acid,nu
O=C(O)C[C@@H]1N(C(OCC2C3=CC=CC=C3C4=CC=CC=C24)=O)C5=C(C=CC=C5)CC1,4800,acid,nu
O=C(O)C1=CC(NC(OCC2C3=CC=CC=C3C4=CC=CC=C24)=O)=CC=C1OC,3244,acid,nu
O=C(C1=CN2C(C=C1)=NC=C2)O,811,acid,nu
O=C(C1=CN2C=CC=NC2=N1)O,284,acid,nu
O=C(C1=C2N=CC=CN2N=C1)O,144,acid,nu
O=C(C1COCCC1)O,4800,acid,nu
O=C(C1=CC2=NN=NN2C=C1)O,448,acid,nu
O=C([C@@H](CC1)OC1=O)O,87.1,acid,nu
O=C(C1=CC=C(C2=CC=C(N)C=C2)C=C1)O,24325,acid,nu
O=C(C1=CC=C(C2=CC=C(C=O)C=C2)C=C1)O,1622,acid,nu
O=C(C1NCCN(C(OC(C)(C)C)=O)C1)O,80.4,acid,nu
COC1=CC=C(C2=NC(CC(O)=O)=CS2)C=C1,216,acid,nu
O=C(O)C1=CC=C(C2=CC=CC(C(F)(F)F)=C2)O1,79.8,acid,nu
O=C(O)C1=CC=CC=C1NC2=CC=C(Cl)C=C2N,4.16,acid,nu
O=C([C@H]1CN(C(OC(C)(C)C)=O)CC1)O,282,acid,nu
O=C([C@@H]1CN(C(OC(C)(C)C)=O)CC1)O,206,acid,nu
O=C([C@@H]1CN(C(OC(C)(C)C)=O)CCC1)O,189,acid,nu
O=C([C@H](CC1)N(C(OC(C)(C)C)=O)C1=O)O,76.4,acid,nu
O=C([C@H]1N(C(OC(C)(C)C)=O)CC(NC2=C3C=CC=C2)=C3C1)O,811,acid,nu
O=C(C1=C(C(F)(F)F)C=CN=C1F)O,130,acid,nu
O=C([C@H]1N(C(OCC2C3=CC=CC=C3C4=CC=CC=C24)=O)CCCC1)O,94.2,acid,nu
O=C([C@H](C1)N(C(OC(C)(C)C)=O)CCC1=O)O,141,acid,nu
O=C([C@H]1C[C@@H](NC(OCC2C3=CC=CC=C3C4=CC=CC=C24)=O)CC1)O,8110,acid,nu
O=C([C@@H]1C[C@H](NC(OCC2C3=CC=CC=C3C4=CC=CC=C24)=O)CC1)O,8110,acid,nu
O=C([C@@H]1[C@H](NC(OCC2C3=CC=CC=C3C4=CC=CC=C24)=O)CCCC1)O,8110,acid,nu
O=C([C@@H]1[C@@H](NC(OCC2C3=CC=CC=C3C4=CC=CC=C24)=O)CCCC1)O,8110,acid,nu
O=C(O)CN1C=C(C(C2CC2)=O)C3=C1C=CC=C3,811,acid,nu
CC(C)C[C@@H](N)CC(O)=O,1200,acid,nu
CC(C)[C@H](N)CC(O)=O,811,acid,nu
O=C([C@@H]1N(C(OC(C)(C)C)=O)CCOC1)O,448,acid,nu
O=C([C@@H]1CN(C(OCC2C3=CC=CC=C3C4=CC=CC=C24)=O)CCC1)O,1200,acid,nu
CC(C)[C@@H](N)CC(O)=O,811,acid,nu
O=C(O)COCC1CCCCO1,216,acid,nu
O=C(C1=NC=CN1C2=CC=CC=C2C(F)(F)F)O,1850,acid,nu
O=C(C(C1)CN(CC=C)C1=O)O,120,acid,nu
O=C(C(CC1)CN(CC)C1=O)O,203,acid,nu
O=C(C1=NN(C(C)C)C=C1)O,240,acid,nu
O=C(C1=CN(C(C)C)N=C1)O,351,acid,nu
O=C(C1=CC=CC2=C1C=CN2C)O,8110,acid,nu
O=C(C1=CC=CC2=C1C=CN2C)O,16220,acid,nu
O=C(C1=CC([N+]([O-])=O)=CN1)O,188,acid,nu
O=C(C1=NC(C2=CC=CC=C2)=CS1)O,3244,acid,nu
O=C(O)C(CC(C1=CC=CS1)=O)=O,3244,acid,nu
O=C(C1=CC2=C(CCCC2)S1)O,1200,acid,nu
O=C(C1=C2CCCCC2=NO1)O,2400,acid,nu
O=C(O)CC1=CC(F)=CC=C1C(F)(F)F,811,acid,nu
O=C(C1=C(C)ON=C1C2=CC=CC=C2)O,2.398,acid,nu
O=C(C(N1)=CC2=C1C(Cl)=CC(Cl)=C2)O,812,acid,nu
O=C(C(C=C1CCC2)=CC=C1C2=O)O,811,acid,nu
O=C(C1=CC2=CC=C(OC)C=C2N=C1C)O,2400,acid,nu
O=C(C1=CC2=C(C=C1)N(C)C3=C2C=CC=C3)O,811,acid,nu
O=C(C1=CC2=NC=CN=C2S1)O,3244,acid,nu
O=C(C1=CC(NC2=C1C=CC=C2)=O)O,811,acid,nu
O=C(C1C(NCC1C2=CC=CC=C2)=O)O,564,acid,nu
O=C(C1=CN=C(N2CCCCC2)S1)O,3244,acid,nu
O=C(C1=CC=C2C(N=C(S)N2)=C1)O,324.4,acid,nu
O=C(C1=CC=C2OCCC2=C1)O,811,acid,nu
O=C(C1=CC2=C(NC3=C2CCCC3)C=C1)O,324.4,acid,nu
O=C(O)C(CC(C1=CC=CN=C1)=O)=O,1200,acid,nu
O=C(C1(COC2=CC=C(Br)C=C2)COC1)O,1040,acid,nu
O=C(C1(COC2=CC=C(F)C=C2)COC1)O,1040,acid,nu
O=C(O)CCN(CC1=CC=CC=C1)C(OC(C)(C)C)=O,1200,acid,nu
CC(N1N=CC=C1)CC(O)=O,288,acid,nu
O=C(O)CCN1N=NN=C1,203,acid,nu
O=C(C1=CC(C2=CC=CC=C2OC)=NO1)O,641,acid,nu
O=C(O)C#CC1=CC=C2C=CC=CC2=C1,351,acid,nu
O=C(O)CCN1C(CCC1)=O,402,acid,nu
O=C(O)CCC1=CC(Cl)=NO1,284,acid,nu
O=C(C1=CC(C2=CC=CC(Cl)=C2)=NO1)O,364,acid,nu
O=C(O)CCC1=C(C)ON=C1C,147,acid,nu
O=C(O)CCN1CCC(C)CC1,2400,acid,nu
O=C(O)CCC1=NOC(C2=CC=CC=C2)=C1,963,acid,nu
O=C(O)CCN1CCN(C)CC1,288,acid,nu
O=C(C1=NC(Br)=CN=C1N)O,811,acid,nu
O=C(C1=NC(CC)=NO1)O,2400,acid,nu
O=C(C1=CN=C(N2CCOCC2)S1)O,3244,acid,nu
O=C(C1=CC(NC2=C1C=CC=C2)=O)O,811,acid,nu
O=C(C1CC(C(C)C)=NO1)O,120,acid,nu
O=C(C(N1)=C(C)C2=C1C=CC=C2)O,2400,acid,nu
O=C(C1CC(C)=NO1)O,288,acid,nu
O=C(C1(C)CC(C)=NO1)O,147,acid,nu
O=C(C1=CNC2=C(C=CC=C2)C1=O)O,3244,acid,nu
O=C(C1=NC(C2=CC=CC=C2)=CS1)O,3244,acid,nu
O=C(O)C(CC(C1=CC=CS1)=O)=O,3244,acid,nu
O=C(C1=CC2=C(CCCC2)S1)O,1200,acid,nu
O=C(C1=C2CCCCC2=NO1)O,2400,acid,nu
O=C(C1=NC=C(C2=CC=C(F)C=C2)C=C1)O,2030,acid,nu
O=C(C1=CC=C(C2=CC=C([N+]([O-])=O)C=C2)S1)O,203,acid,nu
O=C(C1=C(C(F)(F)F)ON=C1C2=CC=CC=C2)O,963,acid,nu
O=C(C1=CC2=C(Cl)C=CC(C)=C2N=C1)O,288,acid,nu
O=C(O)CC1=CC(F)=CC=C1C(F)(F)F,811,acid,nu
O=C(C1=NOC(C)=N1)O,7400,acid,nu
O=C(C1=C(C)ON=C1C2=CC=CC=C2)O,2.97,acid,nu
O=C(C(C=C1CCC2)=CC=C1C2=O)O,811,acid,nu
O=C(C1=CC2=CC(Cl)=CC(C)=C2N=C1)O,288,acid,nu
O=C(C1=CC2=CC(CC)=CC=C2N=C1C)O,288,acid,nu
O=C(C1=NC(N2CCOCC2)=CN=C1)O,1850,acid,nu
O=C(C1=CC2=CC=C(Br)C(C)=C2N=C1C)O,288,acid,nu
O=C(C(N1)=CC2=C1C(Cl)=CC=C2)O,1622,acid,nu
O=C(C1=NC(CC)=NO1)O,2400,acid,nu
O=C(C1=C(C=O)N2C=CC=CC2=N1)O,21600,acid,nu
O=C(O)C1=C(C)C=C(COC2=CC=CC=C2)O1,811,acid,nu
O=C(C(O1)=C(C)C2=C1C(C)=CC=C2)O,8110,acid,nu
O=C(O)CCCN(CC1=CC=CC=C1)C(OC(C)(C)C)=O,120,acid,nu
O=C(C1=NON=C1NC(C)=O)O,2400,acid,nu
O=C(C(N1)=CC2=C1C=CC=C2C)O,1850,acid,nu
O=C(C1=CC([N+]([O-])=O)=CN1)O,288,acid,nu
O=C(C(N1)=CC2=C1C(Cl)=CC(Cl)=C2)O,812,acid,nu
O=C(C1=CC2=C(C=CS2)S1)O,811,acid,nu
O=C(C1=CC=CC=C1C2=CC=CC=C2C=O)O,811,acid,nu
O=C(C1=NOC(C)=C1)O,37.3,acid,nu
CC(C)(C1=C(C)C=C(C)C=C1OC(C)=O)CC(O)=O,1950,acid,nu
O=C(O)C1=CC=C(C#N)C(F)=C1,69.6,acid,nu
O=C(O)CN1CCNC1=N,130,acid,nu
O=C(C1N(C(OC(C)(C)C)=O)CCN(C(OC(C)(C)C)=O)C1)O,59.8,acid,nu
O=C([C@@H]1CC=CCN1C(OC(C)(C)C)=O)O,653,acid,nu
O=C(O)CC1=C(C)NC2=C1C=C(OC)C=C2,104,acid,nu
O=C(O)[C@H](C)C1=CC=C2C=C(OC)C=CC2=C1,94,acid,nu
O=C([C@@H](N1)CNC1=O)O,33.2,acid,nu
O=C(O)CN1C(C)=CC=C1C,97.3,acid,nu
O=C([C@H]1N(C(OCC2C3=CC=CC=C3C4=CC=CC=C24)=O)C(C)(C)CC1)O,812,acid,nu
O=C(C1=CN=CN1C(C2=CC=CC=C2)C)O,2400,acid,nu
O=C(C1=CN=CN1C(C2=CC=CC=C2)C)O,81.1,acid,nu
O=C(C1=CN(C2=CC=CC=C2OC)N=C1)O,120,acid,nu
O=C(C(CN1)N(C(OC(C)(C)C)=O)CC1=O)O,288,acid,nu
O=C(C1=CC=C(N(C(C)C)N=N2)C2=C1)O,162.2,acid,nu
O=C(C1=NC=CC2=C1C=CN2)O,804,acid,nu
O=C(O)C1=CC=CC=C1C(N2CCN(C)CC2)=O,2160,acid,nu
O=C(C1=CSC(C2=CC=CS2)=N1)O,203,acid,nu
CC(C)(OC1=CC(C)=C(Cl)C(C)=C1)C(O)=O,811,acid,nu
CC(N1N=CC(C)=C1)C(O)=O,3244,acid,nu
CC(N1N=CC=C1C)C(O)=O,2400,acid,nu
O=C(O)CN1C2=CC=CC=C2N=C1COC,2030,acid,nu
O=C(O)C1=CC(N2CCCC2)=NC(F)=C1,925,acid,nu
O=C(C1=C(C)N=C(OC)S1)O,1200,acid,nu
O=C(O)CN1C(C)=CC=C1C,97.3,acid,nu
O=C([C@H]1N(C(OCC2C3=CC=CC=C3C4=CC=CC=C24)=O)C(C)(C)CC1)O,812,acid,nu
O=C(C1=CN=C(NC=C2)C2=C1)O,925,acid,nu
O=C(C1=CC2=CC=CN=C2N1)O,2030,acid,nu
O=C(O)CS(=O)(C1=NC=C(Cl)C=C1Cl)=O,1200,acid,nu
O=C(O)C1=CC=CC=C1C(N2CCN(C)CC2)=O,2160,acid,nu
CC(C)(OC1=CC=C(C(C)(C)C)C=C1)C(O)=O,811,acid,nu
O=C(O)/C(C1=CSC(N)=N1)=N/OC,324.4,acid,nu
O=C(C1=CSC(C2=CC=CS2)=N1)O,203,acid,nu
O=C(C1=CSC(CC2=CC=C(OC)C=C2)=N1)O,4800,acid,nu
O=C(C1=CSC(C2=CC=C(OC)C=C2)=N1)O,3244,acid,nu
O=C(O)CN1C2=CC=CC=C2N=C1COC,2030,acid,nu
O=C(O)C(N)CC1=NC=CC=C1,811,acid,nu
O=C(O)C1=CC(N2C=CC=C2)=CC=C1Cl,2400,acid,nu
O=C(O)C1=CC(N2CCCC2)=NC(F)=C1,925,acid,nu
O=C(O)C1=CC=CC(C2=CC=C(C=O)S2)=C1,4060,acid,nu
O=C(O)C1=CC=C(OC2=NC(C)=CN=C2)C=C1,3244,acid,nu
O=C(O)CCC(NC1=C2N=CC=CC2=CC=N1)=O,811,acid,nu
O=C(O)C1=CC=C(N2C=NN=C2)C=C1,811,acid,nu
O=C(C1=C(NC(OC(C)(C)C)=O)C=CN=C1Cl)O,349.6,acid,nu
O=C(C1=C(C(F)(F)F)ON=C1C2=CC=C(C)C=C2)O,963,acid,nu
O=C(C1=C(C)OC(CC(C)C)=C1)O,3244,acid,nu
O=C(C1=CC=C(CN2CCCCC2)O1)O,1622,acid,nu
O=C(O)C1=C(C)OC(C(C)(C)C)=C1,1622,acid,nu
O=C(C1=CC=C(C2=CC=CS2)N=C1)O,1850,acid,nu
O=C(C1NCC2=C(C=C(OC)C(OC)=C2)C1)O,3244,acid,nu
O=C(C1=CC2=CC=C(Cl)C=C2N=C1C)O,120,acid,nu
O=C(N(C)C)[C@@H]([C@H](C(O)=O)OC(C1=CC=CC=C1)=O)OC(C2=CC=CC=C2)=O,2.06,acid,nu
O=C(O)C[C@@H](C(N[C@H]1CC2=CC=CC=C2)=O)NC1=O,367,acid,nu
O=C(O)C1=CC=C(C#C[Si](C)(C)C)C=C1,127,acid,nu
O=C(O)COC1=NN2C(C=C1)=NN=C2,284,acid,nu
O=C(O)COC1=NN2C(C=C1)=NN=C2,3244,acid,nu
O=C(O)COC1=C(OC(C)(C)C2)C2=CC=C1,811,acid,nu
O=C(O)CN1C(C=CC(Cl)=N1)=O,284,acid,nu
O=C(O)CN1N=CC(Br)=C1C,1850,acid,nu
O=C(O)CN1N=NC(C(C)C)=C1,2400,acid,nu
O=C(O)CN(N=C(C)C1=C2C=CC=C1)C2=O,147,acid,nu
O=C(O)CSC1=NC(C)=CS1,120,acid,nu
O=C(O)CSC1=NN=C(C)O1,120,acid,nu
O=C(O)C(N1N=NN=C1C)C2=CC=CC=C2,811,acid,nu
O=C(O)CN1N=C(C2=CC=NC=C2)N=N1,16220,acid,nu
O=C(NC(C1=CC=C(C2=CC=CC=C2)C=C1)CC(O)=O)OCC3C4=CC=CC=C4C5=CC=CC=C35,811,acid,nu
O=C(C(C1)CN(CCN(C)C)C1=O)O,203,acid,nu
O=C(C1=CC(C2=CC=CC=C2)=NN1CC3=CC=CC=C3)O,364,acid,nu
O=C(C1=NN(CC2=CC=CC=C2)C(C3=CC=CC=C3)=C1)O,723,acid,nu
O=C(C1=CC(C(C)C)=NN1CC)O,97.3,acid,nu
O=C(C1=CC(C2=CC=CC=C2)=NN1CC)O,216,acid,nu
O=C(C1=NN(CC)C(C2=CC=CC=C2)=C1)O,723,acid,nu
O=C(C1=CC=CN(C)C1=O)O,1200,acid,nu
O=C(C1=CC(C2=CC=CC=C2)=NN1C)O,185,acid,nu
O=C(C1=NN(C)C2=C1CCCC2)O,973,acid,nu
O=C(C1=NN(C)C(C(F)(F)F)=C1)O,2400,acid,nu
O=C(C1=C(C(F)(F)F)N(C)N=C1)O,1622,acid,nu
O=C(C1=CC(C2=CC=C(F)C=C2)=NN1C3=CC=CC=C3)O,288,acid,nu
O=C(C(N(C)C1=O)=CC(N1C)=O)O,147,acid,nu
O=C(C1=CC=C(C)N(C)C1=O)O,2400,acid,nu
O=C(O)CC1=C(C2=CC=CC=C2)N=C(C3=CC=CC=C3)S1,1622,acid,nu
CC(N1C=C(C=O)C2=C1C=CC=C2)C(O)=O,529,acid,nu
O=C(O)C1=CC=CC=C1C2=NC(C)=NO2,3244,acid,nu
O=C(O)COC1=CC([N+]([O-])=O)=C(C=O)C=C1OC,1850,acid,nu
O=C(C1=C(C)N=C(CC)O1)O,351,acid,nu
O=C(C1=C(C)N=C(CC)S1)O,347,acid,nu
O=C(C1=C(C(F)(F)F)N=C(C)S1)O,3700,acid,nu
O=C(C1=CC=C(C2=CC=CC=C2)NC1=O)O,203,acid,nu
O=C(C1=C2C(OCCO2)=CS1)O,818,acid,nu
O=C(O)C1=CC=CC(N2C=CN=C2C)=C1,4800,acid,nu
O=C(O)C1=CC=CC(C2=NC(C)=NO2)=C1,3244,acid,nu
O=C(O)CCN1N=C(C)C=C1,288,acid,nu
O=C(O)CCC1=NC(C2=CC=CC=C2)=NO1,284,acid,nu
O=C(C1=C(C(F)(F)F)ON=C1C2=CC=C(Br)C=C2)O,963,acid,nu
O=C(C1=C(C(F)(F)F)ON=C1C2=CC=C(Cl)C=C2)O,963,acid,nu
O=C(O)CCN1N=CC(C)=C1,288,acid,nu
O=C(O)CCC1=NC2=CC(F)=CC=C2N1,147,acid,nu
O=C(O)CCC(CC1)=NNC1=O,81.1,acid,nu
O=C(C1=CC(C(C)C)=NN1C)O,188,acid,nu
O=C(C1=CC(N=CN2C)=C(C=C1)C2=O)O,3700,acid,nu
O=C(O)C1=CC=C(N2C(C=O)=CC=C2)C=C1,812,acid,nu
O=C(O)CCCNC1=NCCC1,8110,acid,nu
O=C(C1=C(Cl)C2=C(Br)C=CC=C2S1)O,2400,acid,nu
O=C(C1=C(C(F)(F)F)OC(C2=CC=C(Cl)C=C2)=C1)O,3244,acid,nu
O=C(C1=C(C(F)(F)F)ON=C1C2=CC=C(F)C=C2)O,963,acid,nu
O=C(C1=C(C(F)(F)F)ON=C1C2=CC=C(OC)C=C2)O,963,acid,nu
O=C(C(O1)=CC2=C1C(OC)=CC(Br)=C2)O,288,acid,nu
O=C(C(N1)=CC2=C1C(S(=O)(C)=O)=CC(F)=C2)O,1622,acid,nu
O=C(C1=C(C)OC(C2=CC=CC=C2)=N1)O,3244,acid,nu
O=C(C(N1C)=CC2=C1C=C(Cl)C=C2)O,448,acid,nu
O=C(C1=C(O)C2=CC=C(Br)C(C)=C2N=C1)O,364,acid,nu
O=C(C1=NC2=NC=NN2C(C(C)C)=C1)O,811,acid,nu
O=C(O)C[C@H](NC(OCC1C2=CC=CC=C2C3=CC=CC=C13)=O)CC4=CC=C(C(F)(F)F)C=C4,12000,acid,nu
O=C(C(C=CN1C)=CC1=O)O,402,acid,nu
O=C(C1=C(C2=CC=CC=C2)N=CN1C)O,10800,acid,nu
O=C(O)C1=CC=CC=C1C2=CSC(C)=N2,3244,acid,nu
O=C(O)C1=CC=CC=C1N2C(C)=CC=C2C,811,acid,nu
O=C(O)CCC1=C(C)N=CS1,284,acid,nu
O=C(C1=CC(C2=CC=CC=C2)=NN1CC3=CC=C(F)C=C3)O,288,acid,nu
O=C(C1=NN(CC2=CC=C(F)C=C2)C(C)=C1)O,529,acid,nu
O=C(C1=CC(C)=NN1CC2=CC=C(OC)C=C2)O,288,acid,nu
O=C(C1=CC(C2=CC=CC=C2)=NN1CC3=CC=C(OC)C=C3)O,364,acid,nu
O=C(C1=NN(CC2=CC=C(OC)C=C2)C(C)=C1)O,529,acid,nu
O=C(C1=CC(C)=NN1CC2=CC=C(C)C=C2)O,364,acid,nu
O=C(C1=NN(CC2=CC=C(C)C=C2)C(C)=C1)O,529,acid,nu
O=C(C1=CC(C2=CC=C(F)C=C2)=NN1CC3=CC=CC=C3)O,402,acid,nu
O=C(C1=CC(C2=CC=C(C)C=C2)=NN1CC3=CC=CC=C3)O,364,acid,nu
O=C(C1=NN(CC2=CC=CC=C2)C(C3=CC=C(Cl)C=C3)=C1)O,364,acid,nu
O=C(C1=C(C)N(CC2=CC=CC=C2)N=N1)O,811,acid,nu
O=C(C(C=C1)=NN(CC2=CC=CC=C2)C1=O)O,3244,acid,nu
O=C(C1=CC(C2=CC=C(OC)C=C2)=NN1CC)O,364,acid,nu
O=C(C1(C)NCCC2=C1NC3=C2C=CC=C3)O,2400,acid,nu
O=C(C1=CC(C)=NN1CC2=CC=C(OC)C=C2)O,288,acid,nu
O=C(C1=CC(C2=CC=CC=C2)=NN1CC3=CC=C(OC)C=C3)O,364,acid,nu
O=C(C1=NN(CC2=CC=C(OC)C=C2)C(C)=C1)O,529,acid,nu
O=C(C1=NN(CC2=CC=C(C)C=C2)C(C)=C1)O,529,acid,nu
O=C(C1=CC(C2=CC=C(C)C=C2)=NN1CC3=CC=CC=C3)O,364,acid,nu
O=C(C1=NN(CC2=CC=CC=C2)C(C3=CC=C(Cl)C=C3)=C1)O,364,acid,nu
O=C(C1=CC(C2=CC=C(OC)C=C2)=NN1CC)O,364,acid,nu
O=C(C1=CC(C2=CC=C(C)C=C2)=NN1C)O,364,acid,nu
O=C(O)CC1=CSC(C2=CC=C(Cl)C=C2)=N1,8110,acid,nu
CC(C)(OC1=CC=C(Cl)C(C)=C1)C(O)=O,811,acid,nu
CC(N1N=C(C(F)(F)F)C=C1C)C(O)=O,8110,acid,nu
O=C(C1=CN=C(NC(CC)=C2)C2=C1)O,925,acid,nu
O=C(C1=CN=C(OCCO2)C2=C1)O,1170,acid,nu
O=C(C1=C2C(OCCO2)=NC=C1)O,925,acid,nu
O=C(C1=CN=C(NCC2)C2=C1)O,288,acid,nu
O=C(C1=CC(C2=CC=C(Br)C=C2)=NN1C)O,402,acid,nu
O=C(C1=CC(C2=CC=C(Cl)C=C2)=NN1C)O,402,acid,nu
O=C(C1=CC(C2=CC=C(F)C=C2)=NN1C)O,448,acid,nu
O=C(C1=CC(C2=CC=C(OC)C=C2)=NN1C3=CC=CC=C3)O,288,acid,nu
O=C(C1=CN=C2C(CCCO2)=C1)O,1040,acid,nu
O=C(O)CCCN1C=NC2=C(C=C(OC)C(OC)=C2)C1=O,3244,acid,nu
O=C(C1=CN=C(NC=C2)C2=C1Cl)O,925,acid,nu
O=C(O)C1=CC=C(Cl)C(C2=CC=C(C=O)O2)=C1,3700,acid,nu
O=C(O)C1=CC=CC(C2=NOC(C)=N2)=C1,1200,acid,nu
O=C(C(N1)=C(C=O)C2=C1C=C(OC)C(OC)=C2)O,2400,acid,nu
O=C(C1=C(C)N=C2SC=CN21)O,351,acid,nu
O=C(C1=C(C)N=C(C2=NC=CC=N2)S1)O,448,acid,nu
O=CC1=CC=CC=C1C(O)=O,1.3,acid,nu
O=C(O)CC1C(NC2=C1C=CC=C2)=O,2030,acid,nu
O=C(O)CN(C(N1)=O)C=CC1=O,3244,acid,nu
O=C(O)CC1CSC2=CC=CC=C2NC1=O,3244,acid,nu
O=C(O)CC(C1=C(O2)C=C(C)C=C1)=CC2=O,120,acid,nu
O=C(C1CCN(CCC2=CC=NC=C2)CC1)O,4320,acid,nu
O=C(C1=CC(C2=CC=CC=C2)=NN1CC3=CC=C(Cl)C=C3)O,288,acid,nu
O=C(C1=CC(OC=C2)=C2N1C)O,4060,acid,nu
O=C(C1=CC2=C(C=CS2)N1C)O,1200,acid,nu
O=C(C1=NOC(C2=CN(C)N=C2)=C1)O,3244,acid,nu
O=C(C1=C(C(F)(F)F)N(C2=CC=CC=C2F)N=C1)O,482,acid,nu
O=C(C1=CNC2=NC=C(C(F)(F)F)C=C21)O,925,acid,nu
O=C(C1=CC2=CC(Br)=CN=C2N1)O,1170,acid,nu
O=C(C1=CNC2=NC=C(Br)C=C21)O,925,acid,nu
O=C(C1=CNC2=NC=C(Cl)C=C21)O,925,acid,nu
O=C(C1=C2C(NC=C2)=NC=C1Cl)O,925,acid,nu
O=C(C1=C(F)C=C2C(NC=C2)=N1)O,1170,acid,nu
O=C(C1CC12CCN(C(OC(C)(C)C)=O)CC2)O,284,acid,nu
O=C(O)C[C@@H](NC(OCC1C2=CC=CC=C2C3=CC=CC=C13)=O)C4=CC=CC(Br)=C4,811,acid,nu
O=C(O)C[C@H](NC(OCC1C2=CC=CC=C2C3=CC=CC=C13)=O)CC4=CC=CC(F)=C4,8110,acid,nu
O=C(O)C[C@H]1OC(C)(C)OC1=O,912,acid,nu
O=C(C1CCN(C2=NC=CC=C2C(F)(F)F)CC1)O,8110,acid,nu
O=C(O)CSC1=NC(C=C(C2=CC=CC=C2)N1)=O,2400,acid,nu
O=C(C1CCN(C2=NN=C(C(F)(F)F)S2)CC1)O,3244,acid,nu
O=C(C1=CC(C2=CC=C(OC)C=C2)=NN1C3=CC=C(F)C=C3F)O,288,acid,nu
O=C(C1=CC(C2=CC=C(F)C=C2)=NN1CC3=CC=C(Cl)C=C3)O,529,acid,nu
O=C(C1=CN=C2C(OC(CO[Si](C)(C(C)(C)C)C)=C2)=C1)O,925,acid,nu
O=C(C1=CC(C2=CN(C)N=C2)=NO1)O,3244,acid,nu
O=C(C(N1)=C(C)C2=C1CC(C)(C)CC2=O)O,3244,acid,nu
O=C(O)CCCNC(C1=C(C)OC2=C1CCCC2)=O,203,acid,nu
O=C(N1CCN(C2=CC=C(C(O)=O)C=C2)CC1)OC(C)(C)C,8110,acid,nu
O=C(C1=NOC(C2=C(C)N(C)N=C2)=C1)O,2400,acid,nu
O=C(C1CSC=C(C2=CC=C(F)C=C2)N1)O,811,acid,nu
O=C(C1=CC(C2=CC=C(F)C=C2)=NN1CC3=CC=C(C)C=C3)O,402,acid,nu
O=C(C1=CN=C2C(OC(CO[Si](C)(C(C)(C)C)C)=C2)=C1)O,925,acid,nu
O=C(C1=CNC2=CC(C)=NN2C1=O)O,288,acid,nu
O=C(C1=CN=CC2=C1NCCO2)O,925,acid,nu
O=C(C1=CC(C2=CN(C)N=C2)=NO1)O,1622,acid,nu
O=C(C(N1)=C(C)C2=C1CC(C)(C)CC2=O)O,3244,acid,nu
O=C(O)CCCNC(C1=C(C)OC2=C1CCCC2)=O,4800,acid,nu
O=C(O)C(CC(C1=CC=C(N2C=CN=C2)C=C1)=O)=O,811,acid,nu
O=C(N1CCN(C2=CC=C(C(O)=O)C=C2)CC1)OC(C)(C)C,203,acid,nu
O=C(C1=C(C)N=C(C2=CC=C(C(F)(F)F)C=C2)S1)O,8110,acid,nu
O=C(C1=NOC(C2=C(C)N(C)N=C2)=C1)O,2400,acid,nu
O=C(C1CSC=C(C2=CC=C(F)C=C2)N1)O,811,acid,nu
O=C(O)[C@@H](NC(OCC1C2=CC=CC=C2C3=CC=CC=C13)=O)CCCN=[N+]=[N-],1500,acid,nu
O=C([C@H]1N(C(OC(C)(C)C)=O)[C@]2([H])CC[C@@]1([H])C2)O,309,acid,nu
O=C(O)CC1C(NC2=C1C(C)=CC=C2C)=O,120,acid,nu
O=C(O)CN1N=NN=C1C(N2CCOCC2)C3=CC=CC=C3,120,acid,nu
O=C(O)CC1C(NC2=C1C=C(C)C=C2)=O,120,acid,nu
O=C(O)CC1=C(C)OC(C2=CC=CS2)=N1,4800,acid,nu
O=C(O)CC1C(NC2=C1C=C(C)C=C2C)=O,203,acid,nu
O=C(O)CC1C(NC2=C1C=CC(F)=C2)=O,288,acid,nu
O=C(O)CC1C(NC2=C1C=CC(C)=C2)=O,203,acid,nu
O=C(O)CC1C(NC2=C1C=CC=C2C)=O,81.1,acid,nu
O=C(O)CN1C([C@@H](NC(OC(C)(C)C)=O)CC1)=O,1200,acid,nu
O=C(O)CCC1=C(C)N=C(N(C)N=C2C)C2=C1C,3244,acid,nu
O=C(C1=CN=C(Br)C2=C1OC(C(C)(C)C)=N2)O,1170,acid,nu
O=C(C1=CC2=C(Cl)N=CN=C2N1S(=O)(C3=CC=CC=C3)=O)O,884,acid,nu
O=C(C1=C2C(N([Si](C(C)C)(C(C)C)C(C)C)C=C2)=NC=C1C(F)(F)F)O,925,acid,nu
O=C(C1=CC2=CC(Br)=CN=C2N1S(=O)(C3=CC=CC=C3)=O)O,1170,acid,nu
O=C(C1=CC2=CC(I)=CN=C2N1S(=O)(C3=CC=CC=C3)=O)O,963,acid,nu
O=C(C1=C2C(CCCO2)=NC(I)=C1)O,1040,acid,nu
O=C(C1=C2C(OCCO2)=NC=C1Cl)O,884,acid,nu
O=C(C1=CN(C(OC(C)(C)C)=O)C2=NC=C(C)C=C21)O,925,acid,nu
O=C(C1=CC=C2C(OCCN2C(C(C)(C)C)=O)=N1)O,925,acid,nu
O=C(C1=CN=C2C(OCCN2C)=C1)O,3244,acid,nu
O=C(C1NC2=C(C=CC(Cl)=C2C)C3C1CC=C3)O,288,acid,nu
O=S(C1=CC=C(C(O)=O)C=C1)(N=[N+]=[N-])=O,60,acid,nu
O=C(O)C1=CC=C(N2N=C(C)CC2=O)C=C1,13.12,acid,nu
O=C(C1=CC(NC(C2=NC=CN2C)=O)=CN1C)O,1680,acid,nu
O=C(O)CCC1=CC(C(C)(C)C)=C(O)C(N2N=C(C=CC=C3)C3=N2)=C1,1370,acid,nu
O=C(O)CSCC1=NC2=C(C3=C(CCC3)S2)C(N1)=O,3244,acid,nu
O=C(C(C1=O)=CN2C(C)COC3=C(F)C(F)=CC1=C23)O,12.72,acid,nu
N[C@@H](CS)C(O)=O,2.88,acid,nu
O=C(C(C1)=NN(C2=CC=CC=C2)C1=O)O,7,acid,nu
O=C(C(C1=O)=CN2[C@@H](C)COC3=C(F)C(F)=CC1=C23)O,11.12,acid,nu
O=C(OC)CCCCC(O)=O,3.78,acid,nu
O=C(O)CCC(OC)=O,3.36,acid,nu
O=C(C1=CC=CC=C1)C2=CC=CC([C@@H](C(O)=O)C)=C2,132,acid,nu
CC(CC1=CC=C([C@@H](C(O)=O)C)C=C1)C,56.6,acid,nu
O=C(OC)CCCCCCCC(O)=O,15.48,acid,nu
O=C(OC)C1=CC=C(C(O)=O)C=C1,14.76,acid,nu
O=C(O)[C@H](CC1=CC=CC=C1OC)NC(OC(C)(C)C)=O,264,acid,nu
O=C(O)[C@H](CCCC1OCCO1)N,676,acid,nu
O=C(OCC)CC(O)=O,10.96,acid,nu
O=C(O)[C@H](CC#C)NC(OC(C)(C)C)=O,406,acid,nu
O=C(O)[C@@H]1CN(C(OC(C)(C)C)=O)CC1,811,acid,nu
O=C(O)[C@H](CN=[N+]=[N-])NC(OCC1C2=CC=CC=C2C3=CC=CC=C13)=O,1456,acid,nu
OC(CC1=CC=CC=C1)=O,6.02,acid,nu
OC(C1CC1)=O,9.1,acid,nu
O=C1O[C@]2(C(O)=O)CC[C@]1(C)C2(C)C,31.77,acid,nu
OC(C1=CC=CC=C1)=O,0.38,acid,nu
OC(CSC)=O,31.77,acid,nu
O=C(C(C)(CCCOC1=C(C)C=CC(C)=C1)C)O,37.4,acid,nu
O=C(O)C1=C(N=C(S1)C2=CC=C(C(C#N)=C2)OCC(C)C)C,244,acid,nu
O=C(O)[C@H](CC1=CC=CC=C1)NC(OCC2C3=CC=CC=C3C4=CC=CC=C24)=O,1.68,acid,nu
O=C(O)[C@H](C(C)C)NC(OCC1C2=CC=CC=C2C3=CC=CC=C13)=O,1.68,acid,nu
O=C(O)[C@H](CCSC)NC(OCC1C2=CC=CC=C2C3=CC=CC=C13)=O,1.69,acid,nu
O=C(O)[C@H](CC1=CNC2=CC=CC=C12)NC(OCC3C4=CC=CC=C4C5=CC=CC=C35)=O,4.26,acid,nu
O=C(O)[C@H]1N(C(OCC2C3=CC=CC=C3C4=CC=CC=C24)=O)CCC1,1.69,acid,nu
O=C(O)[C@H]([C@@H](C)CC)NC(OCC1C2=CC=CC=C2C3=CC=CC=C13)=O,1.69,acid,nu
O=C(O)[C@H](C)NC(OCC1C2=CC=CC=C2C3=CC=CC=C13)=O,1.69,acid,nu
O=C(O)[C@H](CC(C)C)NC(OCC1C2=CC=CC=C2C3=CC=CC=C13)=O,1.69,acid,nu
O=C(O)CNC(OCC1C2=CC=CC=C2C3=CC=CC=C13)=O,1.69,acid,nu
C=CC1=CC=CC=C1,7.53,alkene,el
C=CC1=CC=C(OC)C=C1,26.6,alkene,el
C=CC1=CC=C(C)C=C1,,alkene,el
C=CC1=CC=C(I)C=C1,,alkene,el
C=CC1=CC=C(Cl)C=C1,,alkene,el
C=CC1=CC=C(Br)C=C1,,alkene,el
C=CC1=CC=C(F)C=C1,,alkene,el
C=CC1=CC=C(CCl)C=C1,,alkene,el
C=CC1=CC=C(C(C)(C)C)C=C1,,alkene,el
C=CC1=CC=C(OC(C)=O)C=C1,,alkene,el
C=CC1=CC=C(C(F)(F)F)C=C1,,alkene,el
C=CC1=CC=C([N+]([O-])=O)C=C1,,alkene,el
C=CC1=CC=C(C2=CC=CC=C2)C=C1,,alkene,el
C=CC1=CC=C(C#N)C=C1,,alkene,el
C=CC1=CC=C(OC(C)OCC)C=C1,,alkene,el
C=CC1=CC=C(C(OC)=O)C=C1,,alkene,el
C=CC1=CC=C(OC(C)(C)C)C=C1,,alkene,el
C=CC1=CC=C(N(C)C)C=C1,,alkene,el
C=CC1=CC=C(CN(C)C)C=C1,,alkene,el
C=CC1=CC=C(C=O)C=C1,,alkene,el
C=CC1=CC=C(N(C2=CC=CC=C2)C3=CC=CC=C3)C=C1,,alkene,el
C=CC1=CC=C(OCC)C=C1,,alkene,el
C=CC1=CC=C(C(C)=O)C=C1,,alkene,el
C=CC1=CC=C([Si](C)(C)C)C=C1,,alkene,el
C=CC1=CC=C(S(Cl)(=O)=O)C=C1,,alkene,el
C=CC1=CC=C(CN)C=C1,,alkene,el
C=CC1=CC=C(SC)C=C1,,alkene,el
C=CC1=CC=C(OC)C=C1,,alkene,el
C=CC1=CC=C(CC)C=C1,,alkene,el
C=CC1=CC=C(OC2=CC=CC=C2)C=C1,,alkene,el
C=CC1=CC=C(C(C)(C)CC)C=C1,,alkene,el
C=CC1=CC=C(CC(C)C)C=C1,,alkene,el
C=CC1=CC=C(OCOC)C=C1,,alkene,el
C=CC1=CC=C(COC)C=C1,,alkene,el
C=CC1=CC=C(NC(C)=O)C=C1,,alkene,el
C=CC1=CC=C(C(C)C)C=C1,,alkene,el
C=CC1=CC=C(C(NC)=O)C=C1,,alkene,el
C=CC1=CC=C(CN=[N+]=[N-])C=C1,,alkene,el
C=CC1=CC=C(COCC)C=C1,,alkene,el
C=CC1=CC=C(OCCC)C=C1,,alkene,el
C=CC1=CC=C(NC)C=C1,,alkene,el
C=CC1=CC=C(C#C)C=C1,,alkene,el
C=CC1=CC=C(CC#N)C=C1,,alkene,el
C=CC1=CC=C(OCC=C)C=C1,,alkene,el
C=CC1=CC=C(CNC)C=C1,,alkene,el
C=CC1=CC=C(CCC=C)C=C1,,alkene,el
C=CC1=CC=C(C(N)=O)C=C1,,alkene,el
C=CC1=CC=C(N=[N+]=[N-])C=C1,,alkene,el
C=CC1=CC=C(S)C=C1,,alkene,el
C=CC1=CC=C(CCCC)C=C1,,alkene,el
C=CC1=CC=C(CC=C)C=C1,,alkene,el
C=CC1=CC=C(CCN)C=C1,,alkene,el
C=CC1=CC=C(CCC)C=C1,,alkene,el
C=CC1=CC=C(OCC#C)C=C1,,alkene,el
C=CC1=CC=C(CCCl)C=C1,,alkene,el
C=CC1=CC=C(S(C)=O)C=C1,,alkene,el
C=CC1=CC=C(CF)C=C1,,alkene,el
C=CC1=CC=C(C(F)F)C=C1,,alkene,el
C=CC1=CC=C(C(CC)=O)C=C1,,alkene,el
C=CC1=CC=C(C(C)CC)C=C1,,alkene,el
C=CC1=CC=C(C2CC2)C=C1,,alkene,el
C=CC1=CC=C(CCOC)C=C1,,alkene,el
C=CC1=CC=C(C(Cl)C)C=C1,,alkene,el
C=CC1=CC=C(CSC)C=C1,,alkene,el
C=CC1=CC=C(CNCC)C=C1,,alkene,el
C=CC1=CC=C(CC(C)=C)C=C1,,alkene,el
C=CC1=CC=C([C@@H](N)C)C=C1,,alkene,el
C=CC1=CC=C(C#CCC)C=C1,,alkene,el
C=CC1=CC=C(C(C=C)=O)C=C1,,alkene,el
C=CC1=CC=C(C#CC)C=C1,,alkene,el
C=CC1=CC=C(N(C)CC)C=C1,,alkene,el
C=CC1=CC=C(C(C)C#N)C=C1,,alkene,el
C=CC1=CC=C(C(C)C#C)C=C1,,alkene,el
C=CC1=CC=C(SCC)C=C1,,alkene,el
C=CC1=CC=C(C2CCC2)C=C1,,alkene,el
C=CC1=CC=C(CCNC)C=C1,,alkene,el
C=CC1=CC=C(OC2CC2)C=C1,,alkene,el
C=CC1=CC=C(NCCC)C=C1,,alkene,el
C=CC1=CC=C(NCC#C)C=C1,,alkene,el
C=CC1=CC=C(CCC=O)C=C1,,alkene,el
C=CC1=CC(C)=CC=C1,40,alkene,el
C=CC1=CC(Cl)=CC=C1,31.77,alkene,el
C=CC1=CC([N+]([O-])=O)=CC=C1,73.2,alkene,el
C=CC1=CC(OC)=CC=C1,34,alkene,el
C=CC1=CC(F)=CC=C1,77.8,alkene,el
C=CC1=CC(N)=CC=C1,120,alkene,el
C=CC1=CC(C=O)=CC=C1,48.6,alkene,el
C=CC1=CC(C(OC)=O)=CC=C1,176.85,alkene,el
C=CC1=CC(OC(C)=O)=CC=C1,25.6,alkene,el
C=CC1=CC=CC(I)=C1,,alkene,el
C=CC1=CC(C#N)=CC=C1,,alkene,el
C=CC1=CC(CC)=CC=C1,,alkene,el
C=CC1=CC(OCC)=CC=C1,,alkene,el
C=CC1=CC(CCl)=CC=C1,,alkene,el
C=CC1=CC(C(C)=O)=CC=C1,,alkene,el
C=CC1=CC([C@H](N)C)=CC=C1,,alkene,el
C=CC1=CC(OCCOC)=CC=C1,,alkene,el
C=CC1=CC(COC)=CC=C1,,alkene,el
C=CC1=CC(OCCC)=CC=C1,,alkene,el
C=CC1=CC(COCC)=CC=C1,,alkene,el
C=CC1=CC(NC)=CC=C1,,alkene,el
C=CC1=CC(CN(C)C)=CC=C1,,alkene,el
C=CC1=CC(C(C)(C)C)=CC=C1,,alkene,el
C=CC1=CC(N(C)C)=CC=C1,,alkene,el
C=CC1=CC(NC(C)=O)=CC=C1,,alkene,el
C=CC1=CC(OC(C)C)=CC=C1,,alkene,el
C=CC1=CC(CN)=CC=C1,,alkene,el
C=CC1=CC(CCN)=CC=C1,,alkene,el
C=CC1=CC(OCC=C)=CC=C1,,alkene,el
C=CC1=CC(C(C)C)=CC=C1,,alkene,el
C=CC1=CC(C(N)=O)=CC=C1,,alkene,el
C=CC1=CC(SC)=CC=C1,,alkene,el
C=CC1=CC([N+]([O-])=O)=CC=C1,,alkene,el
C=CC1=CC(CC#N)=CC=C1,,alkene,el
C=CC1=CC(C(C)CC)=CC=C1,,alkene,el
C=CC1=CC(C(CC)=O)=CC=C1,,alkene,el
C=CC1=CC(C#C)=CC=C1,,alkene,el
C=CC1=CC(C(NC)=O)=CC=C1,,alkene,el
C=CC1=CC(NCC)=CC=C1,,alkene,el
C=CC1=CC(CC=C)=CC=C1,,alkene,el
C=CC1=CC(SCC)=CC=C1,,alkene,el
C=CC1=CC(C#CC)=CC=C1,,alkene,el
C=CC1=CC(CCNC)=CC=C1,,alkene,el
C=CC1=CC(CC(C)C)=CC=C1,,alkene,el
C=CC1=CC(CCCC)=CC=C1,,alkene,el
C=CC1=CC(OCC#C)=CC=C1,,alkene,el
C=CC1=CC(S)=CC=C1,,alkene,el
C=CC1=CC(C)=CC=C1,,alkene,el
C=CC1=CC=CC(Br)=C1,46.5,alkene,el
C=CC1=CC(C)=CC=C1,,alkene,el
C=CC1=CC(C)=CC=C1,,alkene,el
C=CC1=CC(C)=CC=C1,,alkene,el
C=CC1=CC(C)=CC=C1,,alkene,el
C=CC1=CC(C)=CC=C1,,alkene,el
C=CC1=CC(C)=CC=C1,,alkene,el
C=CC1=CC(C)=CC=C1,,alkene,el
C=CC1=CC(C)=CC=C1,,alkene,el
C=CC1=CC(C)=CC=C1,,alkene,el
C=CC1=CC(C)=CC=C1,,alkene,el
C=CC1=CC(C)=CC=C1,,alkene,el
C=CC1=CC(C)=CC=C1,,alkene,el
C=CC1=CC(C)=CC=C1,,alkene,el
C=CC1=C(C)C=CC=C1,26.8,alkene,el
C=CC1=C(F)C=CC=C1,45.2,alkene,el
C=CC1=C(Cl)C=CC=C1,24.8,alkene,el
C=CC1=C(Br)C=CC=C1,42.2,alkene,el
C=CC1=C(I)C=CC=C1,,alkene,el
C=CC1=C(OC)C=CC=C1,87.2,alkene,el
C=CC1=C([N+]([O-])=O)C=CC=C1,,alkene,el
C=CC1=C(N)C=CC=C1,186.5,alkene,el
C=CC1=C(OC(C)C)C=CC=C1,,alkene,el
C=CC1=C(C=O)C=CC=C1,,alkene,el
C=CC1=C(NC)C=CC=C1,,alkene,el
C=CC1=C(CC)C=CC=C1,,alkene,el
C=CC1=C(CCl)C=CC=C1,,alkene,el
C=CC1=C(C(OC)=O)C=CC=C1,535,alkene,el
C=CC1=C(OC(C)=O)C=CC=C1,333.08,alkene,el
C=CC1=C(C#N)C=CC=C1,,alkene,el
C=CC1=C(CN(C)C)C=CC=C1,,alkene,el
C=CC1=C(C(C)=O)C=CC=C1,,alkene,el
C=CC1=C(C(C)(C)C)C=CC=C1,,alkene,el
C=CC1=C(SC)C=CC=C1,,alkene,el
C=CC1=C(OCC)C=CC=C1,,alkene,el
C=CC1=C(OCC=C)C=CC=C1,,alkene,el
C=CC1=C(N(C)C)C=CC=C1,,alkene,el
C=CC1=C(CC#N)C=CC=C1,,alkene,el
C=CC1=C(NC(C)=O)C=CC=C1,,alkene,el
C=CC1=C(NC)C=CC=C1,,alkene,el
C=CC1=C(CC=C)C=CC=C1,,alkene,el
C=CC1=C(C(N)=O)C=CC=C1,,alkene,el
C=CC1=C(COC)C=CC=C1,,alkene,el
C=CC1=C(OCOC)C=CC=C1,,alkene,el
C=CC1=C(OCC#C)C=CC=C1,,alkene,el
C=CC1=C(CN)C=CC=C1,,alkene,el
C=CC1=C(OCCC)C=CC=C1,,alkene,el
C=CC1=C(C(NC)=O)C=CC=C1,,alkene,el
C=CC1=C(SCC)C=CC=C1,,alkene,el
C=CC1=C(C2CC2)C=CC=C1,,alkene,el
C=CC1=C(CCC=C)C=CC=C1,,alkene,el
C=CC1=C(N=[N+]=[N-])C=CC=C1,,alkene,el
C=CC1=C(C(C)C)C=CC=C1,,alkene,el
C=CC1=C(C(CC)=O)C=CC=C1,,alkene,el
C=CC1=C(CCC=O)C=CC=C1,,alkene,el
C=CC1=C(CC(C)C)C=CC=C1,,alkene,el
C=CC1=C(NCC=C)C=CC=C1,,alkene,el
C=CC1=C(C(OC)C)C=CC=C1,,alkene,el
C=CC1=C(CSC)C=CC=C1,,alkene,el
C=CC1=C(CC=O)C=CC=C1,,alkene,el
C=CC1=C(CCN)C=CC=C1,,alkene,el
C=CC1=C(S)C=CC=C1,,alkene,el
C=CC1=C(COCC)C=CC=C1,,alkene,el
C=CC1=C(CCCC)C=CC=C1,,alkene,el
C=CC1=C(CC#C)C=CC=C1,,alkene,el
C=CC1=C(C#C)C=CC=C1,,alkene,el
C=CC1=C(OCC=O)C=CC=C1,,alkene,el
C=CC1=C(CCCl)C=CC=C1,,alkene,el
C=CC1=C(C(F)F)C=CC=C1,,alkene,el
C=CC1=C(CF)C=CC=C1,,alkene,el
C=CC1=C(CCC)C=CC=C1,,alkene,el
C=CC1=C(CCNC)C=CC=C1,,alkene,el
C=CC1=C(CCC#N)C=CC=C1,,alkene,el
C=CC1=C(NCC#C)C=CC=C1,,alkene,el
C=CC1=C(CC(C)=O)C=CC=C1,,alkene,el
C=CC1=C(CCC#C)C=CC=C1,,alkene,el
C=CC1=C(OC2CC2)C=CC=C1,,alkene,el
C=CC1=C(CCOC)C=CC=C1,,alkene,el
C=CC1=C(C(C)C=C)C=CC=C1,,alkene,el
C=CC1=C(CS)C=CC=C1,,alkene,el
C=CC1=C(CC(C)=C)C=CC=C1,,alkene,el
C=CC1=C(CNCC)C=CC=C1,,alkene,el
C=CC1=C(F)C(F)=CC=C1,,alkene,el
C=CC1=C(C)C(C)=CC=C1,,alkene,el
C=CC1=C(OC)C(OC)=CC=C1,,alkene,el
C=CC1=C(Cl)C(Cl)=CC=C1,,alkene,el
C=CC1=C(F)C(OC)=CC=C1,,alkene,el
C=CC1=C([N+]([O-])=O)C(OC)=CC=C1,,alkene,el
C=CC1=C(N)C(OC)=CC=C1,,alkene,el
C=CC1=C(C)C(C(OC)=O)=CC=C1,,alkene,el
C=CC1=C(OC)C(C(C)C)=CC=C1,,alkene,el
C=CC1=C(F)C(C)=CC=C1,,alkene,el
C=CC1=C(F)C([N+]([O-])=O)=CC=C1,,alkene,el
C=CC1=C(N)C(F)=CC=C1,,alkene,el
C=CC1=C(C(F)F)C(F)=CC=C1,,alkene,el
C=CC1=C(OC)C(C)=CC=C1,,alkene,el
C=CC1=C([N+]([O-])=O)C(C=O)=CC=C1,,alkene,el
C=CC1=C(C)C(OC)=CC=C1,,alkene,el
C=CC1=C(N)C(C(OC)=O)=CC=C1,,alkene,el
C=CC1=C([N+]([O-])=O)C(F)=CC=C1,,alkene,el
C=CC1=C(C=O)C(F)=CC=C1,,alkene,el
C=CC1=C(C=O)C(Cl)=CC=C1,,alkene,el
C=CC1=C(OC(C)=O)C(C)=CC=C1,,alkene,el
C=CC1=C(Cl)C(OC)=CC=C1,,alkene,el
C=CC1=C(OC)C([N+]([O-])=O)=CC=C1,,alkene,el
C=CC1=C(Cl)C(CC#N)=CC=C1,,alkene,el
C=CC1=C(CC(N)=O)C(C)=CC=C1,,alkene,el
C=CC1=C(C)C(Cl)=CC=C1,,alkene,el
C=CC1=C(C)C(N)=CC=C1,,alkene,el
C=CC1=C(F)C(C)=CC=C1,,alkene,el
C=CC1=C(N)C(C)=CC=C1,,alkene,el
C=CC1=C(C#N)C(C)=CC=C1,,alkene,el
C=CC1=C(C)C([N+]([O-])=O)=CC=C1,,alkene,el
C=CC1=C(OC)C(F)=CC=C1,,alkene,el
C=CC1=C(C(OC)=O)C(C)=CC=C1,,alkene,el
C=CC1=C(C)C(C#N)=CC=C1,,alkene,el
C=CC1=C(Cl)C(C)=CC=C1,,alkene,el
C=CC1=C(C)C(OC(C)=O)=CC=C1,,alkene,el
C=CC1=C(N)C(Cl)=CC=C1,,alkene,el
C=CC1=C(CC=C)C(OC)=CC=C1,,alkene,el
C=CC1=C(OC)C(CC=C)=CC=C1,,alkene,el
C=CC1=C(N)C(C(C)C)=CC=C1,,alkene,el
C=CC1=C(F)C(N)=CC=C1,,alkene,el
C=CC1=C(C=O)C(C)=CC=C1,,alkene,el
C=CC1=C(C(C)C)C(OC)=CC=C1,,alkene,el
C=CC1=C(N)C(CC)=CC=C1,,alkene,el
C=CC1=C(COC)C(OC)=CC=C1,,alkene,el
C=CC1=C(N(C)C)C(F)=CC=C1,,alkene,el
C=CC1=C(C#N)C(C#N)=CC=C1,,alkene,el
C=CC1=C(Cl)C(N)=CC=C1,,alkene,el
C=CC1=C(C#N)C(F)=CC=C1,,alkene,el
C=CC1=C(CN)C(F)=CC=C1,,alkene,el
C=CC1=C(C)C=C(C)C=C1,,alkene,el
C=CC1=C(Cl)C=C(Cl)C=C1,,alkene,el
C=CC1=C(OC)C=C(OC)C=C1,,alkene,el
C=CC1=C(F)C=C(F)C=C1,,alkene,el
C=CC1=C(C)C=C(OC)C=C1,,alkene,el
C=CC1=C(F)C=C([N+]([O-])=O)C=C1,,alkene,el
C=CC1=C(OCC=C)C=C(C)C=C1,,alkene,el
C=CC1=C(Cl)C=C(OC)C=C1,,alkene,el
C=CC1=C(N)C=C(C)C=C1,,alkene,el
C=CC1=C(C)C=C(C#N)C=C1,,alkene,el
C=CC1=C(C=O)C=C(Cl)C=C1,,alkene,el
C=CC1=C([N+]([O-])=O)C=C(C)C=C1,,alkene,el
C=CC1=C(C=O)C=C(OC)C=C1,,alkene,el
C=CC1=C(C=O)C=C(F)C=C1,,alkene,el
C=CC1=C(F)C=C(OC)C=C1,,alkene,el
C=CC1=C(F)C=C(C)C=C1,,alkene,el
C=CC1=C(F)C=C(Cl)C=C1,,alkene,el
C=CC1=C(OC)C=C(C)C=C1,,alkene,el
C=CC1=C(C)C=C(F)C=C1,,alkene,el
C=CC1=C(C)C=C(C(OC)=O)C=C1,,alkene,el
C=CC1=C(Cl)C=C(F)C=C1,,alkene,el
C=CC1=C(N)C=C(N)C=C1,,alkene,el
C=CC1=C([N+]([O-])=O)C=C(C#N)C=C1,,alkene,el
C=CC1=C(Cl)C=C(C)C=C1,,alkene,el
C=CC1=C(C(OC)=O)C=C(C)C=C1,,alkene,el
C=CC1=C([N+]([O-])=O)C=C(OC)C=C1,,alkene,el
C=CC1=C(OC(C)=O)C=C(C)C=C1,,alkene,el
C=CC1=C(NC)C=C(C)C=C1,,alkene,el
C=CC1=C(N)C=C(OC)C=C1,,alkene,el
C=CC1=C(NC(C)=O)C=C(C)C=C1,,alkene,el
C=CC1=C(C#N)C=C(C)C=C1,,alkene,el
C=CC1=C(C)C=C(Cl)C=C1,,alkene,el
C=CC1=C(Cl)C=C(N)C=C1,,alkene,el
C=CC1=C(OC)C=C([N+]([O-])=O)C=C1,,alkene,el
C=CC1=C(C#C)C=C(C)C=C1,,alkene,el
C=CC1=C(N)C=C(F)C=C1,,alkene,el
C=CC1=C(OC)C=C(F)C=C1,,alkene,el
C=CC1=C(C(C)=O)C=C(F)C=C1,,alkene,el
C=CC1=C(F)C=C(C(NC)=O)C=C1,,alkene,el
C=CC1=C(C)C=C([N+]([O-])=O)C=C1,,alkene,el
C=CC1=C(C#N)C=C(C#N)C=C1,,alkene,el
C=CC1=C(C)C=C(Cl)C=C1,,alkene,el
C=CC1=C(OC)C=C(Cl)C=C1,,alkene,el
C=CC1=C(F)C=C(C#N)C=C1,,alkene,el
C=CC1=C(C)C=C(N(C)C)C=C1,,alkene,el
C=CC1=C(C(N)=O)C=C(OC)C=C1,,alkene,el
C=CC1=C(NC)C=C(OC)C=C1,,alkene,el
C=CC1=C([N+]([O-])=O)C=C(C=O)C=C1,,alkene,el
C=CC1=C([N+]([O-])=O)C=C(F)C=C1,,alkene,el
C=CC1=C(OC)C=C(N(C)C)C=C1,,alkene,el
C=CC1=C(N(C)C)C=C(OC)C=C1,,alkene,el
C=CC1=C(C#C)C=C(F)C=C1,,alkene,el
C=CC1=C(C#C)C=C(Cl)C=C1,,alkene,el
C=CC1=C(CN)C=C(F)C=C1,,alkene,el
C=CC1=C(NC)C=C(F)C=C1,,alkene,el
C=CC1=C(NC)C=C(Cl)C=C1,,alkene,el
C=CC1=C(N)C=C(C(OC)=O)C=C1,,alkene,el
C=CC1=C(CCC=C)C=C(F)C=C1,,alkene,el
C=CC1=C(C)C=C(OCC)C=C1,,alkene,el
C=CC1=C(C(N)=O)C=C(C)C=C1,,alkene,el
C=CC1=C(CC#N)C=C(Cl)C=C1,,alkene,el
C=CC1=C(N(C)C)C=C(C)C=C1,,alkene,el
C=CC1=C(C(C)=O)C=C(C)C=C1,,alkene,el
C=CC1=C(C)C=C(C=O)C=C1,,alkene,el
C=CC1=C(OC)C=C(C=O)C=C1,,alkene,el
C=CC1=C(CN)C=C(Cl)C=C1,,alkene,el
C=CC1=C(CN)C=C(OC)C=C1,,alkene,el
C=CC1=C(C)C=CC(C)=C1,,alkene,el
C=CC1=C(OC)C=CC(OC)=C1,,alkene,el
C=CC1=C(Cl)C=CC(Cl)=C1,,alkene,el
C=CC1=C(OC)C=CC(C)=C1,,alkene,el
C=CC1=C(N)C=CC(C)=C1,,alkene,el
C=CC1=C(OC(C)C)C=CC(N)=C1,,alkene,el
C=CC1=C(C=O)C=CC(Cl)=C1,,alkene,el
C=CC1=C(C=O)C=CC(C#N)=C1,,alkene,el
C=CC1=C(C(OC)=O)C=CC(C)=C1,,alkene,el
C=CC1=C(F)C=CC([N+]([O-])=O)=C1,,alkene,el
C=CC1=C(C=O)C=CC(C)=C1,,alkene,el
C=CC1=C(C)C=CC(F)=C1,,alkene,el
C=CC1=C(N)C=CC(C(OC)=O)=C1,,alkene,el
C=CC1=C(Cl)C=CC(CC)=C1,,alkene,el
C=CC1=C(F)C=CC(F)=C1,,alkene,el
C=CC1=C([N+]([O-])=O)C=CC(OC)=C1,,alkene,el
C=CC1=C(OC)C=CC([N+]([O-])=O)=C1,,alkene,el
C=CC1=C(C=O)C=CC(OC)=C1,,alkene,el
C=CC1=C(C)C=CC(OC)=C1,,alkene,el
C=CC1=C(F)C=CC(OC)=C1,,alkene,el
C=CC1=C(N)C=CC(Cl)=C1,,alkene,el
C=CC1=C(Cl)C=CC(C)=C1,,alkene,el
C=CC1=C(N)C=CC(OC)=C1,,alkene,el
C=CC1=C([N+]([O-])=O)C=CC(F)=C1,,alkene,el
C=CC1=C(C#N)C=CC(F)=C1,,alkene,el
C=CC1=C(C(OC)=O)C=CC(N)=C1,,alkene,el
C=CC1=C(C=O)C=CC(F)=C1,,alkene,el
C=CC1=C(C)C=CC([N+]([O-])=O)=C1,,alkene,el
C=CC1=C(F)C=CC(C)=C1,,alkene,el
C=CC1=C([N+]([O-])=O)C=CC(C)=C1,,alkene,el
C=CC1=C(NC)C=CC(C)=C1,,alkene,el
C=CC1=C(C)C=CC(C#N)=C1,,alkene,el
C=CC1=C(Cl)C=CC(OC)=C1,,alkene,el
C=CC1=C(N)C=CC(N)=C1,,alkene,el
C=CC1=C(C)C=CC(C(OC)=O)=C1,,alkene,el
C=CC1=C(N)C=CC(F)=C1,,alkene,el
C=CC1=C(C)C=CC(C=O)=C1,,alkene,el
C=CC1=C(C#N)C=CC(OC)=C1,,alkene,el
C=CC1=C(N)C=CC(C#N)=C1,,alkene,el
C=CC1=C(C)C=CC(C(C)C)=C1,,alkene,el
C=CC1=C(N)C=CC([N+]([O-])=O)=C1,,alkene,el
C=CC1=C(C=O)C=CC([N+]([O-])=O)=C1,,alkene,el
C=CC1=C(C=O)C=CC(N(C)C)=C1,,alkene,el
C=CC1=C(OC)C=CC(F)=C1,,alkene,el
C=CC1=C(Cl)C=CC(CC#N)=C1,,alkene,el
C=CC1=C(N)C=CC(C(C)=O)=C1,,alkene,el
C=CC1=C(C)C=CC(N)=C1,,alkene,el
C=CC1=C(OCC#N)C=CC(F)=C1,,alkene,el
C=CC1=C(CC)C=CC(CC)=C1,,alkene,el
C=CC1=C(NC(C)=O)C=CC(C)=C1,,alkene,el
C=CC1=C(NC)C=CC(C(C)C)=C1,,alkene,el
C=CC1=C(OC(C)C)C=CC(C)=C1,,alkene,el
C=CC1=C(F)C=CC(Cl)=C1,,alkene,el
C=CC1=C(C=O)C=CC(C(C)=O)=C1,,alkene,el
C=CC1=C(C(C)=O)C=CC(OC)=C1,,alkene,el
C=CC1=C(OC(C)=O)C=CC(C)=C1,,alkene,el
C=CC1=C(NC)C=CC(F)=C1,,alkene,el
C=CC1=C(NC)C=CC(OC)=C1,,alkene,el
C=CC1=C(N)C=CC(CC)=C1,,alkene,el
C=CC1=C(N)C=CC(C(C)C)=C1,,alkene,el
C=CC1=C(C#C)C=CC(OC)=C1,,alkene,el
C=CC1=C(N)C=CC(CCCC)=C1,,alkene,el
C=CC1=C(C#N)C=CC(C)=C1,,alkene,el
C=CC1=C(C#C)C=CC(Cl)=C1,,alkene,el
C=CC1=C(C(C)=O)C=CC(C)=C1,,alkene,el
C=CC1=C(C(C)=O)C=CC(F)=C1,,alkene,el
C=CC1=C(CN)C=CC(F)=C1,,alkene,el
C=CC1=C(C(C)C)C=CC(C)=C1,,alkene,el
C=CC1=C(Cl)C=CC(F)=C1,,alkene,el
C=CC1=C(C(N)=O)C=CC(C)=C1,,alkene,el
C=CC1=C(NC)C=CC(Cl)=C1,,alkene,el
C=CC1=C(F)C=CC(C#N)=C1,,alkene,el
C=CC1=C(N)C=CC(OCC)=C1,,alkene,el
C=CC1=C(C#N)C=CC(Cl)=C1,,alkene,el
C=CC1=C(OC)C=CC(CCC)=C1,,alkene,el
C=CC1=C(OCC#C)C=CC(C)=C1,,alkene,el
C=CC1=C([N+]([O-])=O)C=CC(NC)=C1,,alkene,el
C=CC1=C([N+]#[C-])C=CC(C)=C1,,alkene,el
C=CC1=C(N)C=CC(OC(C)=O)=C1,,alkene,el
C=CC1=C(C(N)=O)C=CC(OC)=C1,,alkene,el
C=CC1=C(C(N)=O)C=CC(F)=C1,,alkene,el
C=CC1=C(C(N)=O)C=CC(C#N)=C1,,alkene,el
C=CC1=C(N)C=CC(Cl)=C1,,alkene,el
C=CC1=C(F)C=CC(C2CC2)=C1,,alkene,el
C=CC1=C(OC)C=CC(C=O)=C1,,alkene,el
C=CC1=C([N+]([O-])=O)C=CC(C#N)=C1,,alkene,el
C=CC1=C(CN)C=CC(Cl)=C1,,alkene,el
C=CC1=C(CN)C=CC(C)=C1,,alkene,el
C=CC1=C(CN)C=CC(OC)=C1,,alkene,el
C=CC1=C(Cl)C=CC=C1Cl,,alkene,el
C=CC1=C(C)C=CC=C1C,,alkene,el
C=CC1=C(F)C=CC=C1F,,alkene,el
C=CC1=C(OC)C=CC=C1OC,,alkene,el
C=CC1=C(OC)C=CC=C1C,,alkene,el
C=CC1=C(C(OC)=O)C=CC=C1C,,alkene,el
C=CC1=C(F)C=CC=C1Cl,,alkene,el
C=CC1=C([N+]([O-])=O)C=CC=C1OC,,alkene,el
C=CC1=C(C=O)C=CC=C1F,,alkene,el
C=CC1=C(N)C=CC=C1C,,alkene,el
C=CC1=C([N+]([O-])=O)C=CC=C1C,,alkene,el
C=CC1=C([N+]([O-])=O)C=CC=C1F,,alkene,el
C=CC1=C(C=O)C=CC=C1OC,,alkene,el
C=CC1=C(Cl)C=CC=C1N,,alkene,el
C=CC1=C(F)C=CC=C1C,,alkene,el
C=CC1=C(NC)C=CC=C1C,,alkene,el
C=CC1=C(C=O)C=CC=C1C,,alkene,el
C=CC1=C(F)C=CC=C1SC,,alkene,el
C=CC1=C(OC)C=CC=C1COC,,alkene,el
C=CC1=C(N)C=CC=C1C(OC)=O,,alkene,el
C=CC1=C(OC)C=CC=C1N,,alkene,el
C=CC1=C(C)C=CC=C1CC=C,,alkene,el
C=CC1=C(C(N)=O)C=CC=C1C,,alkene,el
C=CC1=C(NC(C)=O)C=CC=C1C,,alkene,el
C=CC1=C([N+]([O-])=O)C=CC=C1NC,,alkene,el
C=CC1=C(F)C=CC=C1NC,,alkene,el
C=CC1=C(Cl)C=CC=C1NC,,alkene,el
C=CC1=C(OC)C=CC=C1NC,,alkene,el
C=CC1=C(N)C=CC=C1C(C)(C)C,,alkene,el
C=CC1=C([N+]([O-])=O)C=CC=C1N,,alkene,el
C=CC1=C(SC)C=CC=C1C,,alkene,el
C=CC1=C(C(C)=O)C=CC=C1C,,alkene,el
C=CC1=CC(C)=C(C)C=C1,,alkene,el
C=CC1=CC(OC)=C(OC)C=C1,,alkene,el
C=CC1=CC(F)=C(F)C=C1,,alkene,el
C=CC1=CC(Cl)=C(Cl)C=C1,,alkene,el
C=CC1=CC(C)=C(C(OC)=O)C=C1,,alkene,el
C=CC1=CC(OC)=C(F)C=C1,,alkene,el
C=CC1=CC(F)=C(C#N)C=C1,,alkene,el
C=CC1=CC(C)=C(OC)C=C1,,alkene,el
C=CC1=CC(F)=C(OC)C=C1,,alkene,el
C=CC1=CC([N+]([O-])=O)=C(OC)C=C1,,alkene,el
C=CC1=CC(N)=C(OC)C=C1,,alkene,el
C=CC1=CC(C)=C(F)C=C1,,alkene,el
C=CC1=CC(OCC)=C(OC)C=C1,,alkene,el
C=CC1=CC(F)=C(Cl)C=C1,,alkene,el
C=CC1=CC(Cl)=C(OC)C=C1,,alkene,el
C=CC1=CC(C(F)(F)F)=C(C)C=C1,,alkene,el
C=CC1=CC(C(OC)=O)=C(C)C=C1,,alkene,el
C=CC1=CC(N)=C(C)C=C1,,alkene,el
C=CC1=CC(Cl)=C(F)C=C1,,alkene,el
C=CC1=CC(Cl)=C(C)C=C1,,alkene,el
C=CC1=CC(F)=C(N)C=C1,,alkene,el
C=CC1=CC(OC)=C(C)C=C1,,alkene,el
C=CC1=CC(OC)=C([N+]([O-])=O)C=C1,,alkene,el
C=CC1=CC(C)=C(OC(C)=O)C=C1,,alkene,el
C=CC1=CC(Cl)=C(C)C=C1,,alkene,el
C=CC1=CC(C)=C(C#N)C=C1,,alkene,el
C=CC1=CC(C#N)=C(F)C=C1,,alkene,el
C=CC1=CC([N+]([O-])=O)=C(F)C=C1,,alkene,el
C=CC1=CC(C)=C([N+]([O-])=O)C=C1,,alkene,el
C=CC1=CC([N+]([O-])=O)=C(C)C=C1,,alkene,el
C=CC1=CC(C#N)=C(Cl)C=C1,,alkene,el
C=CC1=CC(CC#N)=C(C)C=C1,,alkene,el
C=CC1=CC(F)=C([N+]([O-])=O)C=C1,,alkene,el
C=CC1=CC([N+]([O-])=O)=C(C=O)C=C1,,alkene,el
C=CC1=CC(Cl)=C(CC#N)C=C1,,alkene,el
C=CC1=CC(OCC)=C(OCC)C=C1,,alkene,el
C=CC1=CC(C#N)=C(C#N)C=C1,,alkene,el
C=CC1=CC(F)=C(C(NC)=O)C=C1,,alkene,el
C=CC1=CC(OC)=C(C#N)C=C1,,alkene,el
C=CC1=CC(C)=C(CCl)C=C1,,alkene,el
C=CC1=CC(F)=C(C(F)F)C=C1,,alkene,el
C=CC1=CC(N)=C(F)C=C1,,alkene,el
C=CC1=CC(C=O)=C(F)C=C1,,alkene,el
C=CC1=CC(F)=C(C(C)(C)C)C=C1,,alkene,el
C=CC1=CC(C(OC)=O)=C(N)C=C1,,alkene,el
C=CC1=CC(Cl)=C(C#N)C=C1,,alkene,el
C=CC1=CC(C=O)=C(OC)C=C1,,alkene,el
C=CC1=CC(OC)=C(C(C)C)C=C1,,alkene,el
C=CC1=CC(N=C=S)=C(C)C=C1,,alkene,el
C=CC1=CC(N)=C(Cl)C=C1,,alkene,el
C=CC1=CC(C)=C(CN(C)C)C=C1,,alkene,el
C=CC1=CC(C=O)=C([N+]([O-])=O)C=C1,,alkene,el
C=CC1=CC(CC)=C([N+]([O-])=O)C=C1,,alkene,el
C=CC1=CC(F)=C(C=O)C=C1,,alkene,el
C=CC1=CC(C(C)=O)=C(OC)C=C1,,alkene,el
C=CC1=CC(F)=C(CC=C)C=C1,,alkene,el
C=CC1=CC(Cl)=C(C#C)C=C1,,alkene,el
C=CC1=CC(C#N)=C([N+]([O-])=O)C=C1,,alkene,el
C=CC1=CC([N+]([O-])=O)=C(NC)C=C1,,alkene,el
C=CC1=CC(C#N)=C(CC)C=C1,,alkene,el
C=CC1=CC(C)=C(C=O)C=C1,,alkene,el
C=CC1=CC(N)=C(CC=C)C=C1,,alkene,el
C=CC1=CC(N)=C(C(OC)=O)C=C1,,alkene,el
C=CC1=CC(F)=C(NC(C)=O)C=C1,,alkene,el
C=CC1=CC(OC)=C(S)C=C1,,alkene,el
C=CC1=CC(C#N)=C(OC)C=C1,,alkene,el
C=CC1=CC(C)=C(C)C=C1,,alkene,el
C=CC1=CC(C)=C(C)C=C1,,alkene,el
C=CC1=CC(C)=C(C)C=C1,,alkene,el
C=CC1=CC(C)=C(C)C=C1,,alkene,el
C=CC1=CC(F)=CC(F)=C1,,alkene,el
C=CC1=CC(OC)=CC(OC)=C1,,alkene,el
C=CC1=CC(C)=CC(C)=C1,,alkene,el
C=CC1=CC(Cl)=CC(Cl)=C1,,alkene,el
C=CC1=CC(OC)=CC(C)=C1,,alkene,el
C=CC1=CC(C=O)=CC(C)=C1,,alkene,el
C=CC1=CC(F)=CC(C#N)=C1,,alkene,el
C=CC1=CC(F)=CC(Cl)=C1,,alkene,el
C=CC1=CC(F)=CC(OC)=C1,,alkene,el
C=CC1=CC(Cl)=CC(C#N)=C1,,alkene,el
C=CC1=CC(CC#N)=CC(Cl)=C1,,alkene,el
C=CC1=CC(CC#N)=CC(C)=C1,,alkene,el
C=CC1=CC(CC#N)=CC(OC)=C1,,alkene,el
C=CC1=CC(CC#N)=CC(CC)=C1,,alkene,el
C=CC1=CC(C)=CC(C)=C1,,alkene,el
C=CC1=CC(CC)=CC(CC)=C1,,alkene,el
C=CC1=CC(N)=CC(Cl)=C1,,alkene,el
C=CC1=CC(F)=CC(CC#N)=C1,,alkene,el
C=CC1=CC(N)=CC(C#N)=C1,,alkene,el
C=CC1=CC(Cl)=CC(C)=C1,,alkene,el
C=CC1=CC(C)=CC(C(OC)=O)=C1,,alkene,el
C=CC1=CC(OC)=CC(C=O)=C1,,alkene,el
C=CC1=CC(C)=CC(N)=C1,,alkene,el
C=CC1=CC(Cl)=CC(OC)=C1,,alkene,el
C=CC1=CC(C#C)=CC(C#C)=C1,,alkene,el
C=CC1=CC(OC)=CC(CC)=C1,,alkene,el
C=CC1=CC(OC)=CC(C(C)C)=C1,,alkene,el
C=CC1=CC(F)=CC([N+]([O-])=O)=C1,,alkene,el
CC(C1=CC=CC=C1)=C,,alkene,el
C=C(C1CC1)C2=CC=CC=C2,,alkene,el
C=C(CC)C1=CC=CC=C1,,alkene,el
C=C(OC)C1=CC=CC=C1,,alkene,el
ClC(C1=CC=CC=C1)=C,,alkene,el
C=C(C(C)C)C1=CC=CC=C1,,alkene,el
C=C(CCC)C1=CC=CC=C1,,alkene,el
C=C(NC)C1=CC=CC=C1,,alkene,el
FC(C1=CC=CC=C1)=C,,alkene,el
C=C(CCl)C1=CC=CC=C1,,alkene,el
C=C(OCC)C1=CC=CC=C1,,alkene,el
C=C(CN)C1=CC=CC=C1,,alkene,el
C=C(CC=C)C1=CC=CC=C1,,alkene,el
C=C(SC)C1=CC=CC=C1,,alkene,el
C=C(N(C)C)C1=CC=CC=C1,,alkene,el
C=C(CF)C1=CC=CC=C1,,alkene,el
C=C(C(F)F)C1=CC=CC=C1,,alkene,el
C=C(COC)C1=CC=CC=C1,,alkene,el
C=C(CC#N)C1=CC=CC=C1,,alkene,el
C=C(CNC)C1=CC=CC=C1,,alkene,el
C=C(CC=O)C1=CC=CC=C1,,alkene,el
C=C(CCN)C1=CC=CC=C1,,alkene,el
C=C(CS)C1=CC=CC=C1,,alkene,el
C=C(C(F)C)C1=CC=CC=C1,,alkene,el
C/C=C/C1=CC=CC=C1,,alkene,el
C/C=C\C1=CC=CC=C1,,alkene,el
ClC/C=C/C1=CC=CC=C1,,alkene,el
CC/C=C/C1=CC=CC=C1,,alkene,el
NC/C=C/C1=CC=CC=C1,,alkene,el
COC/C=C/C1=CC=CC=C1,,alkene,el
Cl/C=C/C1=CC=CC=C1,,alkene,el
CCC/C=C/C1=CC=CC=C1,,alkene,el
CC(C)/C=C/C1=CC=CC=C1,,alkene,el
C1(/C=C/C2=CC=CC=C2)=CC=CC=C1,,alkene,el
C=CC/C=C/C1=CC=CC=C1,,alkene,el
CNC/C=C/C1=CC=CC=C1,,alkene,el
F/C=C/C1=CC=CC=C1,,alkene,el
SC/C=C/C1=CC=CC=C1,,alkene,el
CS/C=C\C1=CC=CC=C1,,alkene,el
F/C=C\C1=CC=CC=C1,,alkene,el
ClC/C=C\C1=CC=CC=C1,,alkene,el
O=CC/C=C/C1=CC=CC=C1,,alkene,el
C1(/C=C/C2CC2)=CC=CC=C1,,alkene,el
CC/C=C/C1=CC=CC=C1,,alkene,el
C#C/C=C/C1=CC=CC=C1,,alkene,el
COC/C=C/C1=CC=CC=C1,,alkene,el
NC/C=C\C1=CC=CC=C1,,alkene,el
NCC/C=C\C1=CC=CC=C1,,alkene,el
CC#C/C=C/C1=CC=CC=C1,,alkene,el
FC(F)/C=C/C1=CC=CC=C1,,alkene,el
C#CC/C=C/C1=CC=CC=C1,,alkene,el
FCC/C=C/C1=CC=CC=C1,,alkene,el
O=CC/C=C/C1=CC=CC=C1,,alkene,el
C=COCC,0.28,alkene,el
C=COCC#C,,alkene,el
C=COCC#CC,,alkene,el
C=COCC=C,16.1,alkene,el
C=COC1CC1,,alkene,el
C=COC(C)=O,1.1,alkene,el
C=COC(C)C,1.22,alkene,el
C=COCCC,0.6,alkene,el
C=COCCN,,alkene,el
C=COCOC,,alkene,el
C=COCCF,,alkene,el
C=COC(C#C)=O,,alkene,el
C=COC#CCC,,alkene,el
C=COCCC#C,,alkene,el
C=COC(C)C#CC,,alkene,el
C=COCCC#N,,alkene,el
C=COC(C)C#N,,alkene,el
C=COCC(C)=C,,alkene,el
C=COC(C)C=C,,alkene,el
C=COC/C=C/C,,alkene,el
C=COCCC=C,,alkene,el
C=COCC1CC1,,alkene,el
C=COC(CC)=O,,alkene,el
C=COCC(C)=O,,alkene,el
C=COCC(C)C,,alkene,el
C=COCCCC,,alkene,el
C=COC(C)(C)C,,alkene,el
C=COC(C)CC,,alkene,el
C=COC(CN)=O,,alkene,el
C=COC(NC)=O,,alkene,el
C=COCC(N)=O,,alkene,el
C=COCCNC,,alkene,el
C=COCCCN,,alkene,el
C=COC(C)CN,,alkene,el
C=COC(OC)=O,,alkene,el
C=COCCOC,,alkene,el
C=COC(CF)=O,,alkene,el
C=COCCCF,,alkene,el
C=COCCCS,,alkene,el
C=COCCCl,,alkene,el
C=COC(C)Cl,,alkene,el
C=COC#CCCC,,alkene,el
C=COC(C)(C)C#C,,alkene,el
C=COC(C)C#CC,,alkene,el
C=COCC#CCC,,alkene,el
C=COC1C=CCC1,,alkene,el
C=COC(C)CC#C,,alkene,el
C=COCCCC#C,,alkene,el
C=COC(C=C)C=C,,alkene,el
C=COC(C#C)CC,,alkene,el
C=COC(CC#N)=O,,alkene,el
C=COCCCC#N,,alkene,el
C=COC(F)(F)F,,alkene,el
C=COC(CC=C)=O,,alkene,el
C=COCCCC=C,,alkene,el
C=COC/C=C/CC,,alkene,el
C=COC(C=C)CC,,alkene,el
C=COC/C=C(C)/C,,alkene,el
C=COC1C(C)(C)C1,,alkene,el
C=COC(C)C1CC1,,alkene,el
C=COC(/C=C\C)C,,alkene,el
C=COC(/C=C/C)C,,alkene,el
C=COC(C)(C)C=C,,alkene,el
C=COC1CCCC1,,alkene,el
C=COCCN=[N+]=[N-],,alkene,el
C=COC(C(C)=O)=O,,alkene,el
C=COC1COCC1,,alkene,el
C=COC1OCCC1,,alkene,el
C=COC(C(C)C)=O,,alkene,el
C=COC(CCC)=O,,alkene,el
C=COC(C)C(C)=O,,alkene,el
C=COCCCC=O,,alkene,el
C=COC(C=C)OC,,alkene,el
C=COCCC(C)=O,,alkene,el
C=COC(C)C(C)C,,alkene,el
C=COCCCCC,,alkene,el
C=COCCC(C)C,,alkene,el
C=COCC(C)CC,,alkene,el
C=COC(C)(C)CC,,alkene,el
C=COCC(C)(C)C,,alkene,el
C=COC(C)CCC,,alkene,el
C=COC(CC)CC,,alkene,el
C=COC(N(C)C)=O,,alkene,el
C=COCC(C)(C)N,,alkene,el
C=COCCN(C)C,,alkene,el
C=COCCC(C)CC,,alkene,el
C=COC(C)N(C)C,,alkene,el
C=COCC(OC)=O,,alkene,el
C=COC(COC)=O,,alkene,el
C=COC(OCC)=O,,alkene,el
C=COCCOCC,,alkene,el
C=COCOCCC,,alkene,el
C=COCCCOC,,alkene,el
C=COC(C)OCC,,alkene,el
C=CO[Si](C)(C)C,,alkene,el
C=COCC[N+]([O-])=O,,alkene,el
C=COCCCCF,,alkene,el
C=COCCSC,,alkene,el
C=COCC(Cl)=C,,alkene,el
C=COC,,alkene,el
C=COC,,alkene,el
C=COC,,alkene,el
C=COC,,alkene,el
C=COC,,alkene,el
C=COC,,alkene,el
C=COC,,alkene,el
C=COC,,alkene,el
C=COC,,alkene,el
C=COC,,alkene,el
C=COC,,alkene,el
C=COC,,alkene,el
C=COC,,alkene,el
C=COC,,alkene,el
C=COC,,alkene,el
C=COC,,alkene,el
C=COC,,alkene,el
C=COC,,alkene,el
C=COC,,alkene,el
C=COC,,alkene,el
C=COC,,alkene,el
C=C(C)OC(C)=O,0.12,alkene,el
C=C(C)OC,1.65,alkene,el
C=C(C)OCC,26.32,alkene,el
C=C(CC)OC,,alkene,el
C=C(CC)OC(C)=O,,alkene,el
C=C(C)OC(C)C,,alkene,el
C=C(C)OCCC,,alkene,el
C/C=C/OCC,,alkene,el
CO/C=C\CC,,alkene,el
C/C=C\OCC,,alkene,el
CO/C=C/CC,,alkene,el
CO/C=C/C,,alkene,el
CO/C=C/C,,alkene,el
CO/C=C/C,,alkene,el
CO/C=C\C,,alkene,el
CO/C=C/Cl,,alkene,el
C=C(CC)OC,,alkene,el
C=CNC(C)=O,106.59,alkene,el
C=CNC(OCC1=CC=CC=C1)=O,161.9,alkene,el
C=CNC(OC(C)(C)C)=O,58.4,alkene,el
C=CNC(C1=CC=CC=C1)=O,,alkene,el
C=CNC(CC)=O,,alkene,el
C=CNC(OCC)=O,,alkene,el
C=CNC(C(C)(C)C)=O,,alkene,el
C=CNC(C(C)C)=O,,alkene,el
C=CNC(OC)=O,,alkene,el
C=CNC(C1=CC=C(OC)C=C1)=O,,alkene,el
C=CNC(C(F)(F)F)=O,,alkene,el
C=CNC(C1=C(C)C=CC=C1)=O,,alkene,el
C=CNC(C1=CC=C(C)C=C1)=O,,alkene,el
C=CNC(C1=CC=C(Cl)C=C1)=O,,alkene,el
C=CNC(C1=CC=CS1)=O,,alkene,el
C=CNC(C1=CC=C(C(C)=O)C=C1C)=O,,alkene,el
C=CNC(C1=CC=CC2=C1C=CC=C2)=O,,alkene,el
C=CNC(C1=CC=C(C=CC=C2)C2=C1)=O,,alkene,el
C=CNC(C1=CC=CC(Cl)=C1)=O,,alkene,el
C=CNC(CC1=CC=CC=C1)=O,,alkene,el
C=CNC(OCC1=C(C=CC=C2)C2=CC=C1)=O,,alkene,el
C=CNC(C1=CC=C(F)C=C1)=O,,alkene,el
C=CNC(CCCC)=O,,alkene,el
C=CNC(C1=C(F)C=CC=C1F)=O,,alkene,el
C=CNC(C1=CC(C)=CC(C)=C1)=O,,alkene,el
C=CNC(C1=CC=C(C(OC)=O)C=C1)=O,,alkene,el
C=CNC(CCC)=O,,alkene,el
C=CNC(OCC1C(C=CC=C2)=C2C3=C1C=CC=C3)=O,,alkene,el
C=CNC(C1=CC=NC=C1)=O,,alkene,el
C=CNC(C1CCCCC1)=O,,alkene,el
C=CNC(C1=CC=C(C#N)C=C1)=O,,alkene,el
C=CNC(C1=C(Cl)C=CC=C1)=O,,alkene,el
C=CNC(OCC=C)=O,,alkene,el
C=CNC(OCCC)=O,,alkene,el
C=CNC(C1=CC=C([N+]([O-])=O)C=C1)=O,,alkene,el
C=CNC(C1=CC=C(CC)C=C1)=O,,alkene,el
C=CNC(NC1=CC=C(C)C=C1)=O,,alkene,el
C=CNC(C1=NC=CC=C1)=O,,alkene,el
C=CNC(C1=NC=CC=C1)=O,,alkene,el
C=CNC(C1=C(OC)C=CC=C1)=O,,alkene,el
C=CNC(CCC(N1CCCCC1)=O)=O,,alkene,el
C=CNC(OCCCC)=O,,alkene,el
C=CNC(C1=C(Cl)C=C(Cl)C(Cl)=C1)=O,,alkene,el
C=CNC(CCC(N(C)C)=O)=O,,alkene,el
C=CNC(OC1=CC=CC=C1)=O,,alkene,el
C=CN(C)S(C1=CC=C(C)C=C1)(=O)=O,,alkene,el
C=CN(C1=CC=CC=C1)S(C2=CC=C(C)C=C2)(=O)=O,,alkene,el
C=CN(CC1=CC=CC=C1)S(C2=CC=C(C)C=C2)(=O)=O,,alkene,el
C=CN(C1=C(C#C)C=CC=C1)S(C2=CC=C(C)C=C2)(=O)=O,,alkene,el
C=CN(C1=CC=CC=C1)S(C)(=O)=O,,alkene,el
C=CN(C)S(C)(=O)=O,,alkene,el
C=CN(C1=C([N+]([O-])=O)C=C(Cl)C=C1)S(C2=CC=C(C)C=C2)(=O)=O,,alkene,el
C=CN(CC1=CC=CC=C1)S(C2=CC=C([N+]([O-])=O)C=C2)(=O)=O,,alkene,el
C=CNS(C1=CC=C(C)C=C1)(=O)=O,,alkene,el
C=CN(CCC#C)S(C1=CC=C(C)C=C1)(=O)=O,,alkene,el
C=CN(C)S(C1=CC=C(C)C=C1)(=O)=O,,alkene,el
C=CN(C1=CC=C(OC)C=C1)S(C2=CC=C(C)C=C2)(=O)=O,,alkene,el
C=CN(CCC=C)S(C1=CC=C(C)C=C1)(=O)=O,,alkene,el
C=CN(C1=CC(C(F)(F)F)=CC=C1)S(C2=CC=C(C)C=C2)(=O)=O,,alkene,el
C=CN(CC1=CC=CC=C1)S(C2=CC=CC=C2)(=O)=O,,alkene,el
C=CN(C)S(C1=CC=C(C)C=C1)(=O)=O,,alkene,el
C=CN(CCC)S(C1=CC=C(C)C=C1)(=O)=O,,alkene,el
C=CN(C1=CC=C2C(C=CC=C2)=C1)S(C3=CC=C(C)C=C3)(=O)=O,,alkene,el
C=CN(CC)S(C1=CC=CC=C1)(=O)=O,,alkene,el
C=CN(CCCC)S(C1=CC=C(C)C=C1)(=O)=O,,alkene,el
C=CN(C1=CC=C(C)C=C1)S(C2=CC=C(C)C=C2)(=O)=O,,alkene,el
C=CN(CCCC=C)S(C1=CC=C(C)C=C1)(=O)=O,,alkene,el
C=CN(CC)S(C1=CC=C(C)C=C1)(=O)=O,,alkene,el
C=CN(C)S(C1=CC=C(OC)C=C1)(=O)=O,,alkene,el
C=CN(C)S(=O)(C1CCCCC1)=O,,alkene,el
C=CN(C1=CC=C(C(C)=O)C=C1)S(C2=CC=C(C)C=C2)(=O)=O,,alkene,el
C=CN(C1=CC([N+]([O-])=O)=CC=C1)S(C2=CC=C(C)C=C2)(=O)=O,,alkene,el
C=CN(C1=CC=C(C)C=C1)S(C2=C([N+]([O-])=O)C=C([N+]([O-])=O)C=C2)(=O)=O,,alkene,el
C=CN(CCC1=CCCCC1)S(C2=CC=C(C)C=C2)(=O)=O,,alkene,el
C=CN(CCC1=CCCCC1)S(C2=CC=C(C)C=C2)(=O)=O,,alkene,el
C=CN(C1=CC(OC)=CC=C1)S(C2=CC=C(C)C=C2)(=O)=O,,alkene,el
C=CN(C)S(C1=CC=C(C)C=C1)(=O)=O,,alkene,el
C=CN(C)S(C1=CC=C(C)C=C1)(=O)=O,,alkene,el
C=CN(C)S(C1=CC=C(C)C=C1)(=O)=O,,alkene,el
C=CN(C)S(C1=CC=C(C)C=C1)(=O)=O,,alkene,el
C=CN(C)S(C1=CC=C(C)C=C1)(=O)=O,,alkene,el
O=C(OC)C(N(C(OC(C)(C)C)=O)C(OC(C)(C)C)=O)=C,,alkene,el
O=C(OC)C(NC(C)=O)=C,,alkene,el
O=C(OC)C(NC(OCC1=CC=CC=C1)=O)=C,,alkene,el
